"Guid","Description","DisplayUrl","ExternalId","Family","IsActive","IsSerialized","Name","ProductCode","QuantityUnitOfMeasure","SBQQ__AssetAmendmentBehavior__c","SBQQ__AssetConversion__c","SBQQ__BatchQuantity__c","SBQQ__BillingFrequency__c","SBQQ__BillingType__c","SBQQ__BlockPricingField__c","SBQQ__ChargeType__c","SBQQ__Component__c","SBQQ__CompoundDiscountRate__c","SBQQ__ConfigurationEvent__c","SBQQ__ConfigurationFieldSet__c","SBQQ__ConfigurationFields__c","SBQQ__ConfigurationFormTitle__c","SBQQ__ConfigurationType__c","SBQQ__ConfigurationValidator__c","SBQQ__ConfiguredCodePattern__c","SBQQ__ConfiguredDescriptionPattern__c","SBQQ__CostEditable__c","SBQQ__CostSchedule__c","SBQQ__CustomConfigurationPage__c","SBQQ__CustomConfigurationRequired__c","SBQQ__CustomerCommunityAvailability__c","SBQQ__DefaultPricingTable__c","SBQQ__DefaultQuantity__c","SBQQ__DescriptionLocked__c","SBQQ__DiscountSchedule__c","SBQQ__DynamicPricingConstraint__c","SBQQ__EnableLargeConfiguration__c","SBQQ__ExcludeFromMaintenance__c","SBQQ__ExcludeFromOpportunity__c","SBQQ__ExternallyConfigurable__c","SBQQ__GenerateContractedPrice__c","SBQQ__HasConfigurationAttributes__c","SBQQ__HasConsumptionSchedule__c","SBQQ__Hidden__c","SBQQ__HidePriceInSearchResults__c","SBQQ__IncludeInMaintenance__c","SBQQ__NewQuoteGroup__c","SBQQ__NonDiscountable__c","SBQQ__NonPartnerDiscountable__c","SBQQ__OptionLayout__c","SBQQ__OptionSelectionMethod__c","SBQQ__Optional__c","SBQQ__PriceEditable__c","SBQQ__PricingGuidance__c","SBQQ__PricingMethodEditable__c","SBQQ__PricingMethod__c","SBQQ__ProductPictureID__c","SBQQ__QuantityEditable__c","SBQQ__QuantityScale__c","SBQQ__ReconfigurationDisabled__c","SBQQ__RenewalProduct__c","SBQQ__SortOrder__c","SBQQ__Specifications__c","SBQQ__SubscriptionBase__c","SBQQ__SubscriptionCategory__c","SBQQ__SubscriptionPercent__c","SBQQ__SubscriptionPricing__c","SBQQ__SubscriptionTarget__c","SBQQ__SubscriptionTerm__c","SBQQ__SubscriptionType__c","SBQQ__TaxCode__c","SBQQ__Taxable__c","SBQQ__TermDiscountLevel__c","SBQQ__TermDiscountSchedule__c","SBQQ__UpgradeCredit__c","SBQQ__UpgradeRatio__c","SBQQ__UpgradeSource__c","SBQQ__UpgradeTarget__c","StockKeepingUnit","Type"
030ce69b-8160-4787-9a33-eb33404a5f16,"10 Flomatic valves to dispense an assortment of beverages. 
Ice dispenser holds 200lb of ice.","#N/A","#N/A",EQP,false,false,10 Valve Push Button Countertop Ice/Beverage Dispenser,EQP-OT-1,"#N/A",Default,One per quote line,"#N/A","#N/A","#N/A",Quantity,"#N/A",false,"#N/A","#N/A","#N/A","#N/A","#N/A","#N/A","#N/A","#N/A","#N/A",false,"#N/A","#N/A",false,"#N/A","#N/A",1.0,false,"#N/A","#N/A",false,false,false,false,"#N/A",false,false,false,false,false,false,false,false,"#N/A",Click,false,false,"#N/A",false,List,"#N/A",true,"#N/A",false,"#N/A","#N/A","#N/A",List,"#N/A","#N/A","#N/A","#N/A","#N/A",One-time,"#N/A",false,"#N/A","#N/A","#N/A","#N/A","#N/A","#N/A","#N/A","#N/A"
04209735-534f-40a1-9eb8-937f8fd30dcb,Company Wide Training,"#N/A","#N/A",Training,true,false,Company Wide Training,T4,"#N/A","#N/A","#N/A","#N/A","#N/A","#N/A","#N/A","#N/A",false,"#N/A","#N/A","#N/A","#N/A","#N/A","#N/A","#N/A","#N/A","#N/A",false,"#N/A","#N/A",false,"#N/A","#N/A",1.0,false,"#N/A","#N/A",false,false,false,false,"#N/A",false,false,false,false,false,false,false,false,"#N/A","#N/A",false,false,"#N/A",false,"#N/A",015Hn000001UHwb,true,"#N/A",false,"#N/A","#N/A","#N/A","#N/A","#N/A","#N/A","#N/A","#N/A","#N/A","#N/A","#N/A",false,"#N/A","#N/A","#N/A","#N/A","#N/A","#N/A","#N/A","#N/A"
0825438b-fb33-4cc4-9974-d9b82777280f,1 24-count Box of K-Cups Pods- Recurring,"#N/A","#N/A",BEV,false,false,Version Control Cappuccino,COF-R-7,"#N/A",Default,One per quote line,"#N/A","#N/A","#N/A",Quantity,"#N/A",false,"#N/A","#N/A","#N/A","#N/A","#N/A","#N/A","#N/A","#N/A","#N/A",false,"#N/A","#N/A",false,"#N/A","#N/A",1.0,false,"#N/A","#N/A",false,false,false,false,"#N/A",false,false,false,false,false,false,false,false,"#N/A",Click,false,false,"#N/A",false,List,"#N/A",true,"#N/A",false,"#N/A","#N/A","#N/A",List,"#N/A","#N/A",Fixed Price,"#N/A",1.0,Renewable,"#N/A",false,"#N/A","#N/A","#N/A","#N/A","#N/A","#N/A","#N/A","#N/A"
084166b8-27f8-4be0-a013-5c550a484943,Secure Security Manager,"#N/A","#N/A",Security Management,true,false,Secure Security Manager,SM4,"#N/A",Default,One per quote line,"#N/A","#N/A","#N/A",Quantity,"#N/A",false,"#N/A","#N/A","#N/A","#N/A","#N/A","#N/A","#N/A","#N/A","#N/A",false,"#N/A","#N/A",false,"#N/A","#N/A",10.0,false,"#N/A","#N/A",false,false,false,false,"#N/A",false,false,false,false,false,false,false,false,"#N/A",Click,false,false,"#N/A",false,List,015Hn000001UHwk,true,"#N/A",false,"#N/A","#N/A","#N/A",List,"#N/A","#N/A","#N/A","#N/A","#N/A",Renewable,"#N/A",false,"#N/A","#N/A","#N/A","#N/A","#N/A","#N/A","#N/A","#N/A"
096a503a-626a-4c55-b53a-2dad3acbde92,Security Certification Training: Shield,"#N/A","#N/A",Training,true,false,Security Certification Training: Shield,SC2,"#N/A","#N/A","#N/A","#N/A","#N/A","#N/A","#N/A","#N/A",false,"#N/A","#N/A","#N/A","#N/A","#N/A","#N/A","#N/A","#N/A","#N/A",false,"#N/A","#N/A",false,"#N/A","#N/A",5.0,false,"#N/A","#N/A",false,false,false,false,"#N/A",false,false,false,false,false,false,false,false,"#N/A","#N/A",false,false,"#N/A",false,"#N/A",015Hn000001UHwg,true,"#N/A",false,"#N/A","#N/A","#N/A","#N/A","#N/A","#N/A","#N/A","#N/A","#N/A","#N/A","#N/A",false,"#N/A","#N/A","#N/A","#N/A","#N/A","#N/A","#N/A","#N/A"
0a75eaea-e849-4367-80e4-4fdf44f04c68,5 Gallon Bag in Box Syrup- Recurring,"#N/A","#N/A",BEV,false,false,Prodly Cola Syrup,POP-R-1,"#N/A",Default,One per quote line,"#N/A","#N/A","#N/A",Quantity,"#N/A",false,"#N/A","#N/A","#N/A","#N/A","#N/A","#N/A","#N/A","#N/A","#N/A",false,"#N/A","#N/A",false,"#N/A","#N/A",1.0,false,"#N/A","#N/A",false,false,false,false,"#N/A",false,false,false,false,false,false,false,false,"#N/A",Click,false,false,"#N/A",false,List,"#N/A",true,"#N/A",false,"#N/A","#N/A","#N/A",List,"#N/A","#N/A",Fixed Price,"#N/A",1.0,Renewable,"#N/A",false,"#N/A","#N/A","#N/A","#N/A","#N/A","#N/A","#N/A","#N/A"
137348b1-bce9-464b-af82-ebf4e6fe5b48,9 Gallon Bag in Box Syrup- One time,"#N/A","#N/A",BEV,false,false,Go-Live Grape Syrup,POP-OT-5,"#N/A",Default,One per quote line,"#N/A","#N/A","#N/A",Quantity,"#N/A",false,"#N/A","#N/A","#N/A","#N/A","#N/A","#N/A","#N/A","#N/A","#N/A",false,"#N/A","#N/A",false,"#N/A","#N/A",1.0,false,"#N/A","#N/A",false,false,false,false,"#N/A",false,false,false,false,false,false,false,false,"#N/A",Click,false,false,"#N/A",false,List,"#N/A",true,"#N/A",false,"#N/A","#N/A","#N/A",List,"#N/A","#N/A","#N/A","#N/A","#N/A",One-time,"#N/A",false,"#N/A","#N/A","#N/A","#N/A","#N/A","#N/A","#N/A","#N/A"
1af3b25d-4596-4b53-b2ad-c3820c0a7569,11 Gallon Bag in Box Syrup- One time,"#N/A","#N/A",BEV,false,false,Release Root Beer Syrup,POP-OT-7,"#N/A",Default,One per quote line,"#N/A","#N/A","#N/A",Quantity,"#N/A",false,"#N/A","#N/A","#N/A","#N/A","#N/A","#N/A","#N/A","#N/A","#N/A",false,"#N/A","#N/A",false,"#N/A","#N/A",1.0,false,"#N/A","#N/A",false,false,false,false,"#N/A",false,false,false,false,false,false,false,false,"#N/A",Click,false,false,"#N/A",false,List,"#N/A",true,"#N/A",false,"#N/A","#N/A","#N/A",List,"#N/A","#N/A","#N/A","#N/A","#N/A",One-time,"#N/A",false,"#N/A","#N/A","#N/A","#N/A","#N/A","#N/A","#N/A","#N/A"
1b0c1594-f4ed-4cf5-aa19-3e805b5a99a3,Platinum Consulting Plan,"#N/A","#N/A",Professional Services,true,false,Platinum Consulting Plan,PS3,"#N/A",Default,One per quote line,"#N/A","#N/A","#N/A",Quantity,"#N/A",false,"#N/A","#N/A","#N/A","#N/A","#N/A","#N/A","#N/A","#N/A","#N/A",false,"#N/A","#N/A",false,"#N/A","#N/A",1.0,false,"#N/A","#N/A",false,false,false,false,"#N/A",false,false,false,false,false,false,false,false,"#N/A",Click,false,false,"#N/A",false,List,015Hn000003ZJfV,true,"#N/A",false,"#N/A","#N/A","#N/A",List,"#N/A","#N/A","#N/A","#N/A","#N/A",Renewable,"#N/A",false,"#N/A","#N/A","#N/A","#N/A","#N/A","#N/A","#N/A","#N/A"
1d90699f-4387-433f-8bad-90195e1f4037,"Forces CO2 into water to create carbonation for sodas
No need to turn off CO2 or water to service; maintain electronics without depressurizing the tank
115V, 1/3 hp, 1725 RPM motor","#N/A","#N/A",EQP,false,false,Fastflow Carbonator,EQP-OT-2,"#N/A",Default,One per quote line,"#N/A","#N/A","#N/A",Quantity,"#N/A",false,"#N/A","#N/A","#N/A","#N/A","#N/A","#N/A","#N/A","#N/A","#N/A",false,"#N/A","#N/A",false,"#N/A","#N/A",1.0,false,"#N/A","#N/A",false,false,false,false,"#N/A",false,false,false,false,false,false,false,false,"#N/A",Click,false,false,"#N/A",false,List,"#N/A",true,"#N/A",false,"#N/A","#N/A","#N/A",List,"#N/A","#N/A","#N/A","#N/A","#N/A",One-time,"#N/A",false,"#N/A","#N/A","#N/A","#N/A","#N/A","#N/A","#N/A","#N/A"
1e094dc3-1b7b-47b6-8685-f47218f18c6f,"#N/A","#N/A","#N/A","#N/A",true,false,Coffee Starter Bundle,CSB-B,"#N/A",Default,One per quote line,"#N/A","#N/A","#N/A",Quantity,"#N/A",false,"#N/A",Always,"#N/A","#N/A","#N/A",Required,"#N/A","#N/A","#N/A",false,"#N/A","#N/A",false,"#N/A","#N/A",1.0,false,"#N/A","#N/A",false,false,false,false,"#N/A",false,false,false,false,false,false,false,false,"#N/A",Click,false,false,"#N/A",false,List,"#N/A",true,"#N/A",false,"#N/A","#N/A","#N/A",List,"#N/A","#N/A","#N/A","#N/A","#N/A",One-time,"#N/A",false,"#N/A","#N/A","#N/A","#N/A","#N/A","#N/A","#N/A","#N/A"
1ede97ab-5cc4-45ea-a7a6-934db8c02538,1 24-count Box of K-Cups Pods- Recurring,"#N/A","#N/A",BEV,false,false,Uptime Espresso,COF-R-6,"#N/A",Default,One per quote line,"#N/A","#N/A","#N/A",Quantity,"#N/A",false,"#N/A","#N/A","#N/A","#N/A","#N/A","#N/A","#N/A","#N/A","#N/A",false,"#N/A","#N/A",false,"#N/A","#N/A",1.0,false,"#N/A","#N/A",false,false,false,false,"#N/A",false,false,false,false,false,false,false,false,"#N/A",Click,false,false,"#N/A",false,List,"#N/A",true,"#N/A",false,"#N/A","#N/A","#N/A",List,"#N/A","#N/A",Fixed Price,"#N/A",1.0,Renewable,"#N/A",false,"#N/A","#N/A","#N/A","#N/A","#N/A","#N/A","#N/A","#N/A"
1f5438f9-ab23-4c59-aebc-ec2df50af83a,11 Gallon Bag in Box Syrup- Recurring,"#N/A","#N/A",BEV,false,false,Release Root Beer Syrup,POP-R-7,"#N/A",Default,One per quote line,"#N/A","#N/A","#N/A",Quantity,"#N/A",false,"#N/A","#N/A","#N/A","#N/A","#N/A","#N/A","#N/A","#N/A","#N/A",false,"#N/A","#N/A",false,"#N/A","#N/A",1.0,false,"#N/A","#N/A",false,false,false,false,"#N/A",false,false,false,false,false,false,false,false,"#N/A",Click,false,false,"#N/A",false,List,"#N/A",true,"#N/A",false,"#N/A","#N/A","#N/A",List,"#N/A","#N/A",Fixed Price,"#N/A",1.0,Renewable,"#N/A",false,"#N/A","#N/A","#N/A","#N/A","#N/A","#N/A","#N/A","#N/A"
1ff6ce7b-f605-4990-be3e-47cb8f169b41,1 24-count Box of K-Cups Pods- Recurring,"#N/A","#N/A",BEV,false,false,Change Management Mocha,COF-R-5,"#N/A",Default,One per quote line,"#N/A","#N/A","#N/A",Quantity,"#N/A",false,"#N/A","#N/A","#N/A","#N/A","#N/A","#N/A","#N/A","#N/A","#N/A",false,"#N/A","#N/A",false,"#N/A","#N/A",1.0,false,"#N/A","#N/A",false,false,false,false,"#N/A",false,false,false,false,false,false,false,false,"#N/A",Click,false,false,"#N/A",false,List,"#N/A",true,"#N/A",false,"#N/A","#N/A","#N/A",List,"#N/A","#N/A",Fixed Price,"#N/A",1.0,Renewable,"#N/A",false,"#N/A","#N/A","#N/A","#N/A","#N/A","#N/A","#N/A","#N/A"
2185fadc-4a63-4b85-b5ad-02c78423bb17,On-Site Implementation Support,"#N/A","#N/A",Implementation Services,true,false,On-Site Implementation Support,IS2,"#N/A",Default,One per quote line,"#N/A","#N/A","#N/A",Quantity,"#N/A",false,"#N/A","#N/A","#N/A","#N/A","#N/A","#N/A","#N/A","#N/A","#N/A",false,"#N/A","#N/A",false,"#N/A","#N/A",1.0,false,"#N/A","#N/A",false,false,false,false,"#N/A",false,false,false,false,false,false,false,false,"#N/A",Click,false,false,"#N/A",false,List,015Hn000001UHwZ,true,"#N/A",false,"#N/A","#N/A","#N/A",List,"#N/A","#N/A","#N/A","#N/A","#N/A",Renewable,"#N/A",false,"#N/A","#N/A","#N/A","#N/A","#N/A","#N/A","#N/A","#N/A"
2213f78e-28ea-4c06-a76b-aa140984df48,1 24-count Box of K-Cups Pods- One time,"#N/A","#N/A",BEV,false,false,Deployment Dark Roast,COF-OT-4,"#N/A",Default,One per quote line,"#N/A","#N/A","#N/A",Quantity,"#N/A",false,"#N/A","#N/A","#N/A","#N/A","#N/A","#N/A","#N/A","#N/A","#N/A",false,"#N/A","#N/A",false,"#N/A","#N/A",1.0,false,"#N/A","#N/A",false,false,false,false,"#N/A",false,false,false,false,false,false,false,false,"#N/A",Click,false,false,"#N/A",false,List,"#N/A",true,"#N/A",false,"#N/A","#N/A","#N/A",List,"#N/A","#N/A","#N/A","#N/A","#N/A",One-time,"#N/A",false,"#N/A","#N/A","#N/A","#N/A","#N/A","#N/A","#N/A","#N/A"
25105d72-7757-4b54-8b2d-13fcf9dcb672,7 Gallon Bag in Box Syrup- One time,"#N/A","#N/A",BEV,false,false,Deploy Dew Syrup,POP-OT-3,"#N/A",Default,One per quote line,"#N/A","#N/A","#N/A",Quantity,"#N/A",false,"#N/A","#N/A","#N/A","#N/A","#N/A","#N/A","#N/A","#N/A","#N/A",false,"#N/A","#N/A",false,"#N/A","#N/A",1.0,false,"#N/A","#N/A",false,false,false,false,"#N/A",false,false,false,false,false,false,false,false,"#N/A",Click,false,false,"#N/A",false,List,"#N/A",true,"#N/A",false,"#N/A","#N/A","#N/A",List,"#N/A","#N/A","#N/A","#N/A","#N/A",One-time,"#N/A",false,"#N/A","#N/A","#N/A","#N/A","#N/A","#N/A","#N/A","#N/A"
2767688f-0edb-42fd-81cf-cb262b175fc6,9 Gallon Bag in Box Syrup- Recurring,"#N/A","#N/A",BEV,false,false,Go-Live Grape Syrup,POP-R-5,"#N/A",Default,One per quote line,"#N/A","#N/A","#N/A",Quantity,"#N/A",false,"#N/A","#N/A","#N/A","#N/A","#N/A","#N/A","#N/A","#N/A","#N/A",false,"#N/A","#N/A",false,"#N/A","#N/A",1.0,false,"#N/A","#N/A",false,false,false,false,"#N/A",false,false,false,false,false,false,false,false,"#N/A",Click,false,false,"#N/A",false,List,"#N/A",true,"#N/A",false,"#N/A","#N/A","#N/A",List,"#N/A","#N/A",Fixed Price,"#N/A",1.0,Renewable,"#N/A",false,"#N/A","#N/A","#N/A","#N/A","#N/A","#N/A","#N/A","#N/A"
2ef98fa6-17f6-4825-87fb-82a9a9fb5bb6,11 Gallon Bag in Box Syrup- Recurring,"#N/A","#N/A",BEV,false,false,Release Root Beer Syrup,POP-R-7,"#N/A",Default,One per quote line,"#N/A","#N/A","#N/A",Quantity,"#N/A",false,"#N/A","#N/A","#N/A","#N/A","#N/A","#N/A","#N/A","#N/A","#N/A",false,"#N/A","#N/A",false,"#N/A","#N/A",1.0,false,"#N/A","#N/A",false,false,false,false,"#N/A",false,false,false,false,false,false,false,false,"#N/A",Click,false,false,"#N/A",false,List,"#N/A",true,"#N/A",false,"#N/A","#N/A","#N/A",List,"#N/A","#N/A",Fixed Price,"#N/A",1.0,Renewable,"#N/A",false,"#N/A","#N/A","#N/A","#N/A","#N/A","#N/A","#N/A","#N/A"
30270b10-0497-45a2-b0a1-79c22894c0de,Enterprise Cloud Storage,"#N/A","#N/A",Cloud Storage,true,false,Enterprise Cloud Storage,CS4,"#N/A","#N/A","#N/A","#N/A","#N/A","#N/A","#N/A","#N/A",false,"#N/A","#N/A","#N/A","#N/A","#N/A","#N/A","#N/A","#N/A","#N/A",false,"#N/A","#N/A",false,"#N/A","#N/A",1.0,false,"#N/A","#N/A",false,false,false,false,"#N/A",false,false,false,false,false,false,false,false,"#N/A","#N/A",false,false,"#N/A",false,"#N/A",015Hn000001UHwe,true,"#N/A",false,"#N/A","#N/A","#N/A","#N/A","#N/A","#N/A","#N/A","#N/A","#N/A","#N/A","#N/A",false,"#N/A","#N/A","#N/A","#N/A","#N/A","#N/A","#N/A","#N/A"
3257e055-868b-49db-b05e-77cc39f9731c,5 Gallon Bag in Box Syrup- One time,"#N/A","#N/A","#N/A",true,false,Prodly Cola Syrup,POP-OT-1,"#N/A",Default,One per quote line,"#N/A","#N/A","#N/A",Quantity,"#N/A",false,"#N/A","#N/A","#N/A","#N/A","#N/A","#N/A","#N/A","#N/A","#N/A",false,"#N/A","#N/A",false,"#N/A","#N/A",1.0,false,"#N/A","#N/A",false,false,false,false,"#N/A",false,false,false,false,false,false,false,false,"#N/A",Click,false,false,"#N/A",false,List,"#N/A",true,"#N/A",false,"#N/A","#N/A","#N/A",List,"#N/A","#N/A","#N/A","#N/A","#N/A",One-time,"#N/A",false,"#N/A","#N/A","#N/A","#N/A","#N/A","#N/A","#N/A","#N/A"
34c54d38-fa12-4501-994b-858bc67d5172,10 Gallon Bag in Box Syrup- One time,"#N/A","#N/A",BEV,false,false,Org-to-Org Orange Syrup,POP-OT-6,"#N/A",Default,One per quote line,"#N/A","#N/A","#N/A",Quantity,"#N/A",false,"#N/A","#N/A","#N/A","#N/A","#N/A","#N/A","#N/A","#N/A","#N/A",false,"#N/A","#N/A",false,"#N/A","#N/A",1.0,false,"#N/A","#N/A",false,false,false,false,"#N/A",false,false,false,false,false,false,false,false,"#N/A",Click,false,false,"#N/A",false,List,"#N/A",true,"#N/A",false,"#N/A","#N/A","#N/A",List,"#N/A","#N/A","#N/A","#N/A","#N/A",One-time,"#N/A",false,"#N/A","#N/A","#N/A","#N/A","#N/A","#N/A","#N/A","#N/A"
38a346ed-1da1-4d56-92f9-dcbfd70ebe56,10 Gallon Bag in Box Syrup- Recurring,"#N/A","#N/A",BEV,false,false,Org-to-Org Orange Syrup,POP-R-6,"#N/A",Default,One per quote line,"#N/A","#N/A","#N/A",Quantity,"#N/A",false,"#N/A","#N/A","#N/A","#N/A","#N/A","#N/A","#N/A","#N/A","#N/A",false,"#N/A","#N/A",false,"#N/A","#N/A",1.0,false,"#N/A","#N/A",false,false,false,false,"#N/A",false,false,false,false,false,false,false,false,"#N/A",Click,false,false,"#N/A",false,List,"#N/A",true,"#N/A",false,"#N/A","#N/A","#N/A",List,"#N/A","#N/A",Fixed Price,"#N/A",1.0,Renewable,"#N/A",false,"#N/A","#N/A","#N/A","#N/A","#N/A","#N/A","#N/A","#N/A"
3a6f2c1d-2b2c-402b-8d62-d0db7ae5ad7f,1 24-count Box of K-Cups Pods- One time,"#N/A","#N/A",BEV,false,false,Uptime Espresso,COF-OT-6,"#N/A",Default,One per quote line,"#N/A","#N/A","#N/A",Quantity,"#N/A",false,"#N/A","#N/A","#N/A","#N/A","#N/A","#N/A","#N/A","#N/A","#N/A",false,"#N/A","#N/A",false,"#N/A","#N/A",1.0,false,"#N/A","#N/A",false,false,false,false,"#N/A",false,false,false,false,false,false,false,false,"#N/A",Click,false,false,"#N/A",false,List,"#N/A",true,"#N/A",false,"#N/A","#N/A","#N/A",List,"#N/A","#N/A","#N/A","#N/A","#N/A",Renewable,"#N/A",false,"#N/A","#N/A","#N/A","#N/A","#N/A","#N/A","#N/A","#N/A"
3b0a2fba-bf95-4cb3-a7a1-d11388cd1f43,9 Gallon Bag in Box Syrup- Recurring,"#N/A","#N/A",BEV,false,false,Go-Live Grape Syrup,POP-R-5,"#N/A",Default,One per quote line,"#N/A","#N/A","#N/A",Quantity,"#N/A",false,"#N/A","#N/A","#N/A","#N/A","#N/A","#N/A","#N/A","#N/A","#N/A",false,"#N/A","#N/A",false,"#N/A","#N/A",1.0,false,"#N/A","#N/A",false,false,false,false,"#N/A",false,false,false,false,false,false,false,false,"#N/A",Click,false,false,"#N/A",false,List,"#N/A",true,"#N/A",false,"#N/A","#N/A","#N/A",List,"#N/A","#N/A",Fixed Price,"#N/A",1.0,Renewable,"#N/A",false,"#N/A","#N/A","#N/A","#N/A","#N/A","#N/A","#N/A","#N/A"
3b0dd280-6e3f-4e4f-ac25-4371c8e91a3d,10 Gallon Bag in Box Syrup- Recurring,"#N/A","#N/A",BEV,false,false,Org-to-Org Orange Syrup,POP-R-6,"#N/A",Default,One per quote line,"#N/A","#N/A","#N/A",Quantity,"#N/A",false,"#N/A","#N/A","#N/A","#N/A","#N/A","#N/A","#N/A","#N/A","#N/A",false,"#N/A","#N/A",false,"#N/A","#N/A",1.0,false,"#N/A","#N/A",false,false,false,false,"#N/A",false,false,false,false,false,false,false,false,"#N/A",Click,false,false,"#N/A",false,List,"#N/A",true,"#N/A",false,"#N/A","#N/A","#N/A",List,"#N/A","#N/A",Fixed Price,"#N/A",1.0,Renewable,"#N/A",false,"#N/A","#N/A","#N/A","#N/A","#N/A","#N/A","#N/A","#N/A"
41b340a9-1fff-4169-93ac-69bfcefb2288,Enterprise Plus Cloud Storage,"#N/A","#N/A",Cloud Storage,true,false,Enterprise Plus Cloud Storage,CS5,"#N/A","#N/A","#N/A","#N/A","#N/A","#N/A","#N/A","#N/A",false,"#N/A","#N/A","#N/A","#N/A","#N/A","#N/A","#N/A","#N/A","#N/A",false,"#N/A","#N/A",false,"#N/A","#N/A",1.0,false,"#N/A","#N/A",false,false,false,false,"#N/A",false,false,false,false,false,false,false,false,"#N/A","#N/A",false,false,"#N/A",false,"#N/A",015Hn000001UHwe,true,"#N/A",false,"#N/A","#N/A","#N/A","#N/A","#N/A","#N/A","#N/A","#N/A","#N/A","#N/A","#N/A",false,"#N/A","#N/A","#N/A","#N/A","#N/A","#N/A","#N/A","#N/A"
421090ef-c5b5-4513-9992-9163b8eeab71,1 24-count Box of K-Cups Pods- One time,"#N/A","#N/A",BEV,false,false,Version Control Cappuccino,COF-OT-7,"#N/A",Default,One per quote line,"#N/A","#N/A","#N/A",Quantity,"#N/A",false,"#N/A","#N/A","#N/A","#N/A","#N/A","#N/A","#N/A","#N/A","#N/A",false,"#N/A","#N/A",false,"#N/A","#N/A",1.0,false,"#N/A","#N/A",false,false,false,false,"#N/A",false,false,false,false,false,false,false,false,"#N/A",Click,false,false,"#N/A",false,List,"#N/A",true,"#N/A",false,"#N/A","#N/A","#N/A",List,"#N/A","#N/A","#N/A","#N/A","#N/A",Renewable,"#N/A",false,"#N/A","#N/A","#N/A","#N/A","#N/A","#N/A","#N/A","#N/A"
43cd48a8-e247-482f-b0c1-b49c3fba167f,Customized Implementation,"#N/A","#N/A",Implementation Services,true,false,Customized Implementation,IS3,"#N/A",Default,One per quote line,"#N/A","#N/A","#N/A",Quantity,"#N/A",false,"#N/A","#N/A","#N/A","#N/A","#N/A","#N/A","#N/A","#N/A","#N/A",false,"#N/A","#N/A",false,"#N/A","#N/A",1.0,false,"#N/A","#N/A",false,false,false,false,"#N/A",false,false,false,false,false,false,false,false,"#N/A",Click,false,false,"#N/A",false,List,015Hn000001UHwZ,true,"#N/A",false,"#N/A","#N/A","#N/A",List,"#N/A","#N/A","#N/A","#N/A","#N/A",Renewable,"#N/A",false,"#N/A","#N/A","#N/A","#N/A","#N/A","#N/A","#N/A","#N/A"
444b76a0-af25-4f3c-a352-c0f5f5ac9f5b,Safelog Secure Access VPN,"#N/A","#N/A",Endpoint,true,false,SafeLog Secure Access VPN,EP1,"#N/A",Default,One per quote line,"#N/A","#N/A","#N/A",Quantity,"#N/A",false,"#N/A","#N/A","#N/A","#N/A","#N/A","#N/A","#N/A","#N/A","#N/A",false,"#N/A","#N/A",false,"#N/A","#N/A",25.0,false,"#N/A","#N/A",false,false,false,false,"#N/A",false,false,false,false,false,false,false,false,"#N/A",Click,false,false,"#N/A",false,List,015Hn000001UHwj,true,"#N/A",false,"#N/A","#N/A","#N/A",List,"#N/A","#N/A","#N/A","#N/A","#N/A",Renewable,"#N/A",false,"#N/A","#N/A","#N/A","#N/A","#N/A","#N/A","#N/A","#N/A"
45e84014-2add-4dd2-82ed-f6c93d85bd00,7 Gallon Bag in Box Syrup- Recurring,"#N/A","#N/A",BEV,false,false,Deploy Dew Syrup,POP-R-3,"#N/A",Default,One per quote line,"#N/A","#N/A","#N/A",Quantity,"#N/A",false,"#N/A","#N/A","#N/A","#N/A","#N/A","#N/A","#N/A","#N/A","#N/A",false,"#N/A","#N/A",false,"#N/A","#N/A",1.0,false,"#N/A","#N/A",false,false,false,false,"#N/A",false,false,false,false,false,false,false,false,"#N/A",Click,false,false,"#N/A",false,List,"#N/A",true,"#N/A",false,"#N/A","#N/A","#N/A",List,"#N/A","#N/A",Fixed Price,"#N/A",1.0,Renewable,"#N/A",false,"#N/A","#N/A","#N/A","#N/A","#N/A","#N/A","#N/A","#N/A"
47d13dda-c4b8-4f98-844d-bdcc34a833bb,8 24-count Boxes of our best selling blends.- Recurring,"#N/A","#N/A",BEV,false,false,Best Sellers Varieties Curated Collection,COF-R-1,"#N/A",Default,One per quote line,"#N/A","#N/A","#N/A",Quantity,"#N/A",false,"#N/A","#N/A","#N/A","#N/A","#N/A","#N/A","#N/A","#N/A","#N/A",false,"#N/A","#N/A",false,"#N/A","#N/A",1.0,false,"#N/A","#N/A",false,false,false,false,"#N/A",false,false,false,false,false,false,false,false,"#N/A",Click,false,false,"#N/A",false,List,"#N/A",true,"#N/A",false,"#N/A","#N/A","#N/A",List,"#N/A","#N/A",Fixed Price,"#N/A",1.0,Renewable,"#N/A",false,"#N/A","#N/A","#N/A","#N/A","#N/A","#N/A","#N/A","#N/A"
484a4aa3-408e-4bdf-8f7c-ca1786352393,1 24-count Box of K-Cups Pods- One time,"#N/A","#N/A",BEV,false,false,Change Management Mocha,COF-OT-5,"#N/A",Default,One per quote line,"#N/A","#N/A","#N/A",Quantity,"#N/A",false,"#N/A","#N/A","#N/A","#N/A","#N/A","#N/A","#N/A","#N/A","#N/A",false,"#N/A","#N/A",false,"#N/A","#N/A",1.0,false,"#N/A","#N/A",false,false,false,false,"#N/A",false,false,false,false,false,false,false,false,"#N/A",Click,false,false,"#N/A",false,List,"#N/A",true,"#N/A",false,"#N/A","#N/A","#N/A",List,"#N/A","#N/A","#N/A","#N/A","#N/A",One-time,"#N/A",false,"#N/A","#N/A","#N/A","#N/A","#N/A","#N/A","#N/A","#N/A"
4bc7d87a-f96a-4589-9aed-12d6e3f6de26,"#N/A","#N/A","#N/A","#N/A",true,false,Soda Starter Bundle,SSB-B,"#N/A",Default,One per quote line,"#N/A","#N/A","#N/A",Quantity,"#N/A",false,"#N/A",Always,"#N/A","#N/A","#N/A",Required,"#N/A","#N/A","#N/A",false,"#N/A","#N/A",false,"#N/A","#N/A",1.0,false,"#N/A","#N/A",false,false,false,false,"#N/A",false,false,false,false,false,false,false,false,"#N/A",Click,false,false,"#N/A",false,List,"#N/A",true,"#N/A",false,"#N/A","#N/A","#N/A",List,"#N/A","#N/A","#N/A","#N/A","#N/A",One-time,"#N/A",false,"#N/A","#N/A","#N/A","#N/A","#N/A","#N/A","#N/A","#N/A"
50bf2e06-1a71-4aa3-a99a-816d202f50f8,1 24-count Box of K-Cups Pods- Recurring,"#N/A","#N/A",BEV,false,false,Pumpkin Sandbox Latte,COF-R-3,"#N/A",Default,One per quote line,"#N/A","#N/A","#N/A",Quantity,"#N/A",false,"#N/A","#N/A","#N/A","#N/A","#N/A","#N/A","#N/A","#N/A","#N/A",false,"#N/A","#N/A",false,"#N/A","#N/A",1.0,false,"#N/A","#N/A",false,false,false,false,"#N/A",false,false,false,false,false,false,false,false,"#N/A",Click,false,false,"#N/A",false,List,"#N/A",true,"#N/A",false,"#N/A","#N/A","#N/A",List,"#N/A","#N/A",Fixed Price,"#N/A",1.0,Renewable,"#N/A",false,"#N/A","#N/A","#N/A","#N/A","#N/A","#N/A","#N/A","#N/A"
5143040b-0435-4ee5-a7cb-90e40412c8ef,12 Gallon Bag in Box Syrup- One time,"#N/A","#N/A",BEV,false,false,Agile Ginger Ale Syrup,POP-OT-8,"#N/A",Default,One per quote line,"#N/A","#N/A","#N/A",Quantity,"#N/A",false,"#N/A","#N/A","#N/A","#N/A","#N/A","#N/A","#N/A","#N/A","#N/A",false,"#N/A","#N/A",false,"#N/A","#N/A",1.0,false,"#N/A","#N/A",false,false,false,false,"#N/A",false,false,false,false,false,false,false,false,"#N/A",Click,false,false,"#N/A",false,List,"#N/A",true,"#N/A",false,"#N/A","#N/A","#N/A",List,"#N/A","#N/A","#N/A","#N/A","#N/A",One-time,"#N/A",false,"#N/A","#N/A","#N/A","#N/A","#N/A","#N/A","#N/A","#N/A"
5327c21b-5ea6-4281-b667-193971b11907,Additional Cloud Storage,"#N/A","#N/A",Cloud Storage,true,false,Additional Cloud Storage,CS6,"#N/A","#N/A","#N/A","#N/A","#N/A","#N/A","#N/A","#N/A",false,"#N/A","#N/A","#N/A","#N/A","#N/A","#N/A","#N/A","#N/A","#N/A",false,"#N/A","#N/A",false,"#N/A","#N/A",5.0,false,"#N/A","#N/A",false,false,false,false,"#N/A",false,false,false,false,false,false,false,false,"#N/A","#N/A",false,false,"#N/A",false,"#N/A",015Hn000001UHwe,true,"#N/A",false,"#N/A","#N/A","#N/A","#N/A","#N/A","#N/A","#N/A","#N/A","#N/A","#N/A","#N/A",false,"#N/A","#N/A","#N/A","#N/A","#N/A","#N/A","#N/A","#N/A"
538c64bf-2f3c-40e5-88fa-9ad6f97d30de,Business Plus Cloud Storage,"#N/A","#N/A",Cloud Storage,true,false,Business Plus Cloud Storage,CS3,"#N/A","#N/A","#N/A","#N/A","#N/A","#N/A","#N/A","#N/A",false,"#N/A","#N/A","#N/A","#N/A","#N/A","#N/A","#N/A","#N/A","#N/A",false,"#N/A","#N/A",false,"#N/A","#N/A",10.0,false,"#N/A","#N/A",false,false,false,false,"#N/A",false,false,false,false,false,false,false,false,"#N/A","#N/A",false,false,"#N/A",false,"#N/A",015Hn000001UHwe,true,"#N/A",false,"#N/A","#N/A","#N/A","#N/A","#N/A","#N/A","#N/A","#N/A","#N/A","#N/A","#N/A",false,"#N/A","#N/A","#N/A","#N/A","#N/A","#N/A","#N/A","#N/A"
53f418e2-324a-46cb-ac7f-f53bdd871f49,"K-Cycle™ bins are bundled in packs of five (5), for offices that brew 24 K-Cup® pods or more a day - 450 K-Cup® pods per bin. Single bins are not available.- Recurring
 
EACH BIN INCLUDES
1. Pre-paid UPS return label affixed to bin
2. Pre-affixed bag and zip tie seal for brewed K-Cup® pod collection","#N/A","#N/A",SRV,false,false,KCup Recycling Program,SRV-R-1,"#N/A",Default,One per quote line,"#N/A","#N/A","#N/A",Quantity,"#N/A",true,"#N/A","#N/A","#N/A","#N/A","#N/A","#N/A","#N/A","#N/A","#N/A",false,"#N/A","#N/A",false,"#N/A","#N/A",1.0,false,"#N/A","#N/A",false,false,false,false,"#N/A",false,false,false,false,false,false,false,false,"#N/A",Click,false,false,"#N/A",false,List,"#N/A",true,"#N/A",false,"#N/A","#N/A","#N/A",List,"#N/A","#N/A",Fixed Price,"#N/A",1.0,Renewable,"#N/A",false,"#N/A","#N/A","#N/A","#N/A","#N/A","#N/A","#N/A","#N/A"
55527427-e47b-408a-b7c4-7ec39f4ccaa3,Personal Password Vault,"#N/A","#N/A",Password Vault,true,false,Personal Password Vault,PV1,"#N/A",Default,One per quote line,"#N/A","#N/A","#N/A",Quantity,"#N/A",false,"#N/A","#N/A","#N/A","#N/A","#N/A","#N/A","#N/A","#N/A","#N/A",false,"#N/A","#N/A",false,"#N/A","#N/A",10.0,false,"#N/A","#N/A",false,false,false,false,"#N/A",false,false,false,false,false,false,false,false,"#N/A",Click,false,false,"#N/A",false,List,015Hn000001UHwl,true,"#N/A",false,"#N/A","#N/A","#N/A",List,"#N/A","#N/A","#N/A","#N/A","#N/A",Renewable,"#N/A",false,"#N/A","#N/A","#N/A","#N/A","#N/A","#N/A","#N/A","#N/A"
559d724d-f59c-4e35-9dd1-fc6554e05044,Regular cleaning & preventative maintenance to keep your equipment operating optimally.- Recurring,"#N/A","#N/A",SRV,false,false,Monthly Maintance Plan,SRV-R-2,"#N/A",Default,One per quote line,"#N/A","#N/A","#N/A",Quantity,"#N/A",true,"#N/A","#N/A","#N/A","#N/A","#N/A","#N/A","#N/A","#N/A","#N/A",false,"#N/A","#N/A",false,"#N/A","#N/A",1.0,false,"#N/A","#N/A",false,false,false,false,"#N/A",false,false,false,false,false,false,false,false,"#N/A",Click,false,false,"#N/A",false,List,"#N/A",true,"#N/A",false,"#N/A","#N/A","#N/A",List,"#N/A","#N/A",Fixed Price,"#N/A",1.0,Renewable,"#N/A",false,"#N/A","#N/A","#N/A","#N/A","#N/A","#N/A","#N/A","#N/A"
5aa7c500-3806-43e1-8845-7f5ff1275f64,8 Gallon Bag in Box Syrup- One time,"#N/A","#N/A",BEV,false,false,Low-Code Lemon-Lime Syrup,POP-OT-4,"#N/A",Default,One per quote line,"#N/A","#N/A","#N/A",Quantity,"#N/A",false,"#N/A","#N/A","#N/A","#N/A","#N/A","#N/A","#N/A","#N/A","#N/A",false,"#N/A","#N/A",false,"#N/A","#N/A",1.0,false,"#N/A","#N/A",false,false,false,false,"#N/A",false,false,false,false,false,false,false,false,"#N/A",Click,false,false,"#N/A",false,List,"#N/A",true,"#N/A",false,"#N/A","#N/A","#N/A",List,"#N/A","#N/A","#N/A","#N/A","#N/A",One-time,"#N/A",false,"#N/A","#N/A","#N/A","#N/A","#N/A","#N/A","#N/A","#N/A"
5b7aa557-a3dc-4af2-96e9-373989293bfc,25+ User Training,"#N/A","#N/A",Training,true,false,25+ User Training,T2,"#N/A",Default,One per quote line,"#N/A","#N/A","#N/A",Quantity,"#N/A",false,"#N/A","#N/A","#N/A","#N/A","#N/A","#N/A","#N/A","#N/A","#N/A",false,"#N/A","#N/A",false,"#N/A","#N/A",1.0,false,"#N/A","#N/A",false,false,false,false,"#N/A",false,false,false,false,false,false,false,false,"#N/A",Click,false,false,"#N/A",false,List,015Hn000001UHwb,true,"#N/A",false,"#N/A","#N/A","#N/A",List,"#N/A","#N/A","#N/A","#N/A","#N/A",Renewable,"#N/A",false,"#N/A","#N/A","#N/A","#N/A","#N/A","#N/A","#N/A","#N/A"
5f47c8bd-de4d-4720-95b2-07e50ac2b00b,Personal Cloud Stoarge,"#N/A","#N/A",Cloud Storage,true,false,Personal Cloud Stoarge,CS1,"#N/A",Default,One per quote line,"#N/A","#N/A","#N/A",Quantity,"#N/A",false,"#N/A","#N/A","#N/A","#N/A","#N/A","#N/A","#N/A","#N/A","#N/A",false,"#N/A","#N/A",false,"#N/A","#N/A",1.0,false,"#N/A","#N/A",false,false,false,false,"#N/A",false,false,false,false,false,false,false,false,"#N/A",Click,false,false,"#N/A",false,List,015Hn000001UHwe,true,"#N/A",false,"#N/A","#N/A","#N/A",List,"#N/A","#N/A","#N/A","#N/A","#N/A",Renewable,"#N/A",false,"#N/A","#N/A","#N/A","#N/A","#N/A","#N/A","#N/A","#N/A"
62d6514c-7ec1-4028-a69b-f1b498ea05ec,7 Gallon Bag in Box Syrup- One time,"#N/A","#N/A",BEV,false,false,Deploy Dew Syrup,POP-OT-3,"#N/A",Default,One per quote line,"#N/A","#N/A","#N/A",Quantity,"#N/A",false,"#N/A","#N/A","#N/A","#N/A","#N/A","#N/A","#N/A","#N/A","#N/A",false,"#N/A","#N/A",false,"#N/A","#N/A",1.0,false,"#N/A","#N/A",false,false,false,false,"#N/A",false,false,false,false,false,false,false,false,"#N/A",Click,false,false,"#N/A",false,List,"#N/A",true,"#N/A",false,"#N/A","#N/A","#N/A",List,"#N/A","#N/A","#N/A","#N/A","#N/A",One-time,"#N/A",false,"#N/A","#N/A","#N/A","#N/A","#N/A","#N/A","#N/A","#N/A"
68063cab-0162-422f-9d62-3b512adaf838,12 Gallon Bag in Box Syrup- One time,"#N/A","#N/A",BEV,false,false,Agile Ginger Ale Syrup,POP-OT-8,"#N/A",Default,One per quote line,"#N/A","#N/A","#N/A",Quantity,"#N/A",false,"#N/A","#N/A","#N/A","#N/A","#N/A","#N/A","#N/A","#N/A","#N/A",false,"#N/A","#N/A",false,"#N/A","#N/A",1.0,false,"#N/A","#N/A",false,false,false,false,"#N/A",false,false,false,false,false,false,false,false,"#N/A",Click,false,false,"#N/A",false,List,"#N/A",true,"#N/A",false,"#N/A","#N/A","#N/A",List,"#N/A","#N/A","#N/A","#N/A","#N/A",One-time,"#N/A",false,"#N/A","#N/A","#N/A","#N/A","#N/A","#N/A","#N/A","#N/A"
68296a78-1b1f-402a-8d85-aa17cb207c60,Personal Security Firewall,"#N/A","#N/A",Network,true,false,Personal Security Firewall,N1,"#N/A","#N/A","#N/A","#N/A","#N/A","#N/A","#N/A","#N/A",false,"#N/A","#N/A","#N/A","#N/A","#N/A","#N/A","#N/A","#N/A","#N/A",false,"#N/A","#N/A",false,"#N/A","#N/A",5.0,false,"#N/A","#N/A",false,false,false,false,"#N/A",false,false,false,false,false,false,false,false,"#N/A","#N/A",false,false,"#N/A",false,"#N/A",015Hn000001UHwf,true,"#N/A",false,"#N/A","#N/A","#N/A","#N/A","#N/A","#N/A","#N/A","#N/A","#N/A","#N/A","#N/A",false,"#N/A","#N/A","#N/A","#N/A","#N/A","#N/A","#N/A","#N/A"
68a1a1c1-2185-4de2-9cc7-7adb2f2d8fd4,A high capacity coffee maker designed for continuous use with direct water line plumbing.,"#N/A","#N/A",EQP,false,false,Keurig® K-2500® Plumbed Commercial Coffee Maker,EQP-OT-5,"#N/A",Default,One per quote line,"#N/A","#N/A","#N/A",Quantity,"#N/A",false,"#N/A","#N/A","#N/A","#N/A","#N/A","#N/A","#N/A","#N/A","#N/A",false,"#N/A","#N/A",false,"#N/A","#N/A",1.0,false,"#N/A","#N/A",false,false,false,false,"#N/A",false,false,false,false,false,false,false,false,"#N/A",Click,false,false,"#N/A",false,List,"#N/A",true,"#N/A",false,"#N/A","#N/A","#N/A",List,"#N/A","#N/A","#N/A","#N/A","#N/A",One-time,"#N/A",false,"#N/A","#N/A","#N/A","#N/A","#N/A","#N/A","#N/A","#N/A"
69dd1a62-daf3-4eb9-bfd4-d7c74d8125a2,1 24-count Box of K-Cups Pods- Recurring,"#N/A","#N/A",BEV,false,false,Change Management Mocha,COF-R-5,"#N/A",Default,One per quote line,"#N/A","#N/A","#N/A",Quantity,"#N/A",false,"#N/A","#N/A","#N/A","#N/A","#N/A","#N/A","#N/A","#N/A","#N/A",false,"#N/A","#N/A",false,"#N/A","#N/A",1.0,false,"#N/A","#N/A",false,false,false,false,"#N/A",false,false,false,false,false,false,false,false,"#N/A",Click,false,false,"#N/A",false,List,"#N/A",true,"#N/A",false,"#N/A","#N/A","#N/A",List,"#N/A","#N/A",Fixed Price,"#N/A",1.0,Renewable,"#N/A",false,"#N/A","#N/A","#N/A","#N/A","#N/A","#N/A","#N/A","#N/A"
6b3fcd53-3d3d-48cf-8adb-27ea7208597f,1 24-count Box of K-Cups Pods- Recurring,"#N/A","#N/A",BEV,false,false,Declarative Decaf,COF-R-2,"#N/A",Default,One per quote line,"#N/A","#N/A","#N/A",Quantity,"#N/A",false,"#N/A","#N/A","#N/A","#N/A","#N/A","#N/A","#N/A","#N/A","#N/A",false,"#N/A","#N/A",false,"#N/A","#N/A",1.0,false,"#N/A","#N/A",false,false,false,false,"#N/A",false,false,false,false,false,false,false,false,"#N/A",Click,false,false,"#N/A",false,List,"#N/A",true,"#N/A",false,"#N/A","#N/A","#N/A",List,"#N/A","#N/A",Fixed Price,"#N/A",1.0,Renewable,"#N/A",false,"#N/A","#N/A","#N/A","#N/A","#N/A","#N/A","#N/A","#N/A"
70545bd6-e68e-4d61-a79d-d4638e437103,"10 Flomatic valves to dispense an assortment of beverages. 
Ice dispenser holds 200lb of ice.","#N/A","#N/A",EQP,false,false,10 Valve Push Button Countertop Ice/Beverage Dispenser,EQP-OT-1,"#N/A",Default,One per quote line,"#N/A","#N/A","#N/A",Quantity,"#N/A",false,"#N/A","#N/A","#N/A","#N/A","#N/A","#N/A","#N/A","#N/A","#N/A",false,"#N/A","#N/A",false,"#N/A","#N/A",1.0,false,"#N/A","#N/A",false,false,false,false,"#N/A",false,false,false,false,false,false,false,false,"#N/A",Click,false,false,"#N/A",false,List,"#N/A",true,"#N/A",false,"#N/A","#N/A","#N/A",List,"#N/A","#N/A","#N/A","#N/A","#N/A",One-time,"#N/A",false,"#N/A","#N/A","#N/A","#N/A","#N/A","#N/A","#N/A","#N/A"
759c1f77-76b3-459f-8a9c-96c5a7e4574c,1 24-count Box of K-Cups Pods- One time,"#N/A","#N/A",BEV,false,false,Uptime Espresso,COF-OT-6,"#N/A",Default,One per quote line,"#N/A","#N/A","#N/A",Quantity,"#N/A",false,"#N/A","#N/A","#N/A","#N/A","#N/A","#N/A","#N/A","#N/A","#N/A",false,"#N/A","#N/A",false,"#N/A","#N/A",1.0,false,"#N/A","#N/A",false,false,false,false,"#N/A",false,false,false,false,false,false,false,false,"#N/A",Click,false,false,"#N/A",false,List,"#N/A",true,"#N/A",false,"#N/A","#N/A","#N/A",List,"#N/A","#N/A","#N/A","#N/A","#N/A",Renewable,"#N/A",false,"#N/A","#N/A","#N/A","#N/A","#N/A","#N/A","#N/A","#N/A"
75b34646-1d7d-420a-bc7d-979dc6febfb4,1-5 User Training,"#N/A","#N/A",Training,true,false,1-5 User Training,T0,"#N/A",Default,One per quote line,"#N/A","#N/A","#N/A",Quantity,"#N/A",false,"#N/A","#N/A","#N/A","#N/A","#N/A","#N/A","#N/A","#N/A","#N/A",false,"#N/A","#N/A",false,"#N/A","#N/A",1.0,false,"#N/A","#N/A",false,false,false,false,"#N/A",false,false,false,false,false,false,false,false,"#N/A",Click,false,false,"#N/A",false,List,015Hn000001UHwb,true,"#N/A",false,"#N/A","#N/A","#N/A",List,"#N/A","#N/A","#N/A","#N/A","#N/A",Renewable,"#N/A",false,"#N/A","#N/A","#N/A","#N/A","#N/A","#N/A","#N/A","#N/A"
77b5e6b0-da23-41ca-8be0-5416452902da,1 24-count Box of K-Cups Pods- One time,"#N/A","#N/A",BEV,false,false,Change Management Mocha,COF-OT-5,"#N/A",Default,One per quote line,"#N/A","#N/A","#N/A",Quantity,"#N/A",false,"#N/A","#N/A","#N/A","#N/A","#N/A","#N/A","#N/A","#N/A","#N/A",false,"#N/A","#N/A",false,"#N/A","#N/A",1.0,false,"#N/A","#N/A",false,false,false,false,"#N/A",false,false,false,false,false,false,false,false,"#N/A",Click,false,false,"#N/A",false,List,"#N/A",true,"#N/A",false,"#N/A","#N/A","#N/A",List,"#N/A","#N/A","#N/A","#N/A","#N/A",One-time,"#N/A",false,"#N/A","#N/A","#N/A","#N/A","#N/A","#N/A","#N/A","#N/A"
77d60a51-de20-4f15-9ee0-e8fcef46b53d,8 24-count Boxes of our best selling blends.- Recurring,"#N/A","#N/A",BEV,false,false,Best Sellers Varieties Curated Collection,COF-R-1,"#N/A",Default,One per quote line,"#N/A","#N/A","#N/A",Quantity,"#N/A",false,"#N/A","#N/A","#N/A","#N/A","#N/A","#N/A","#N/A","#N/A","#N/A",false,"#N/A","#N/A",false,"#N/A","#N/A",1.0,false,"#N/A","#N/A",false,false,false,false,"#N/A",false,false,false,false,false,false,false,false,"#N/A",Click,false,false,"#N/A",false,List,"#N/A",true,"#N/A",false,"#N/A","#N/A","#N/A",List,"#N/A","#N/A",Fixed Price,"#N/A",1.0,Renewable,"#N/A",false,"#N/A","#N/A","#N/A","#N/A","#N/A","#N/A","#N/A","#N/A"
7858017c-ca23-41b2-9273-8676d762521e,1 24-count Box of K-Cups Pods- Recurring,"#N/A","#N/A",BEV,false,false,Uptime Espresso,COF-R-6,"#N/A",Default,One per quote line,"#N/A","#N/A","#N/A",Quantity,"#N/A",false,"#N/A","#N/A","#N/A","#N/A","#N/A","#N/A","#N/A","#N/A","#N/A",false,"#N/A","#N/A",false,"#N/A","#N/A",1.0,false,"#N/A","#N/A",false,false,false,false,"#N/A",false,false,false,false,false,false,false,false,"#N/A",Click,false,false,"#N/A",false,List,"#N/A",true,"#N/A",false,"#N/A","#N/A","#N/A",List,"#N/A","#N/A",Fixed Price,"#N/A",1.0,Renewable,"#N/A",false,"#N/A","#N/A","#N/A","#N/A","#N/A","#N/A","#N/A","#N/A"
7a014183-dd11-43b2-b007-3ab55689d19f,Data Center Security Firewall,"#N/A","#N/A",Network,true,false,Data Center Security Firewall,N4,"#N/A","#N/A","#N/A","#N/A","#N/A","#N/A","#N/A","#N/A",false,"#N/A","#N/A","#N/A","#N/A","#N/A","#N/A","#N/A","#N/A","#N/A",false,"#N/A","#N/A",false,"#N/A","#N/A",100.0,false,"#N/A","#N/A",false,false,false,false,"#N/A",false,false,false,false,false,false,false,false,"#N/A","#N/A",false,false,"#N/A",false,"#N/A",015Hn000001UHwf,true,"#N/A",false,"#N/A","#N/A","#N/A","#N/A","#N/A","#N/A","#N/A","#N/A","#N/A","#N/A","#N/A",false,"#N/A","#N/A","#N/A","#N/A","#N/A","#N/A","#N/A","#N/A"
7a726db4-30af-4f97-9375-418552312f1e,Enterprise Security Firewall,"#N/A","#N/A",Network,true,false,Enterprise Security Firewall,N3,"#N/A","#N/A","#N/A","#N/A","#N/A","#N/A","#N/A","#N/A",false,"#N/A","#N/A","#N/A","#N/A","#N/A","#N/A","#N/A","#N/A","#N/A",false,"#N/A","#N/A",false,"#N/A","#N/A",100.0,false,"#N/A","#N/A",false,false,false,false,"#N/A",false,false,false,false,false,false,false,false,"#N/A","#N/A",false,false,"#N/A",false,"#N/A",015Hn000001UHwf,true,"#N/A",false,"#N/A","#N/A","#N/A","#N/A","#N/A","#N/A","#N/A","#N/A","#N/A","#N/A","#N/A",false,"#N/A","#N/A","#N/A","#N/A","#N/A","#N/A","#N/A","#N/A"
7bcba7c1-dc5d-40c3-ade0-6dfb7b50b1d8,"#N/A","#N/A","#N/A","#N/A",true,false,Soda Starter Bundle,SSB-B,"#N/A",Default,One per quote line,"#N/A","#N/A","#N/A",Quantity,"#N/A",false,"#N/A",Always,"#N/A","#N/A","#N/A",Required,"#N/A","#N/A","#N/A",false,"#N/A","#N/A",false,"#N/A","#N/A",1.0,false,"#N/A","#N/A",false,false,false,false,"#N/A",false,false,false,false,false,false,false,false,"#N/A",Click,false,false,"#N/A",false,List,"#N/A",true,"#N/A",false,"#N/A","#N/A","#N/A",List,"#N/A","#N/A","#N/A","#N/A","#N/A",One-time,"#N/A",false,"#N/A","#N/A","#N/A","#N/A","#N/A","#N/A","#N/A","#N/A"
7d188217-a0d2-490b-85ce-f52bdf26db91,Secure Endpoint Compliance Manager,"#N/A","#N/A",Security Management,true,false,Secure Endpoint Compliance Manager,SM3,"#N/A","#N/A","#N/A","#N/A","#N/A","#N/A","#N/A","#N/A",false,"#N/A","#N/A","#N/A","#N/A","#N/A","#N/A","#N/A","#N/A","#N/A",false,"#N/A","#N/A",false,"#N/A","#N/A",5.0,false,"#N/A","#N/A",false,false,false,false,"#N/A",false,false,false,false,false,false,false,false,"#N/A","#N/A",false,false,"#N/A",false,"#N/A",015Hn000001UHwi,true,"#N/A",false,"#N/A","#N/A","#N/A","#N/A","#N/A","#N/A","#N/A","#N/A","#N/A","#N/A","#N/A",false,"#N/A","#N/A","#N/A","#N/A","#N/A","#N/A","#N/A","#N/A"
7df0a3e2-80d8-4705-a241-d76b84566815,1 24-count Box of K-Cups Pods- One time,"#N/A","#N/A",BEV,false,false,Pumpkin Sandbox Latte,COF-OT-3,"#N/A",Default,One per quote line,"#N/A","#N/A","#N/A",Quantity,"#N/A",false,"#N/A","#N/A","#N/A","#N/A","#N/A","#N/A","#N/A","#N/A","#N/A",false,"#N/A","#N/A",false,"#N/A","#N/A",1.0,false,"#N/A","#N/A",false,false,false,false,"#N/A",false,false,false,false,false,false,false,false,"#N/A",Click,false,false,"#N/A",false,List,"#N/A",true,"#N/A",false,"#N/A","#N/A","#N/A",List,"#N/A","#N/A","#N/A","#N/A","#N/A",One-time,"#N/A",false,"#N/A","#N/A","#N/A","#N/A","#N/A","#N/A","#N/A","#N/A"
863e5eb1-bbfc-4943-b320-f91d418228e3,7 Gallon Bag in Box Syrup- Recurring,"#N/A","#N/A",BEV,false,false,Deploy Dew Syrup,POP-R-3,"#N/A",Default,One per quote line,"#N/A","#N/A","#N/A",Quantity,"#N/A",false,"#N/A","#N/A","#N/A","#N/A","#N/A","#N/A","#N/A","#N/A","#N/A",false,"#N/A","#N/A",false,"#N/A","#N/A",1.0,false,"#N/A","#N/A",false,false,false,false,"#N/A",false,false,false,false,false,false,false,false,"#N/A",Click,false,false,"#N/A",false,List,"#N/A",true,"#N/A",false,"#N/A","#N/A","#N/A",List,"#N/A","#N/A",Fixed Price,"#N/A",1.0,Renewable,"#N/A",false,"#N/A","#N/A","#N/A","#N/A","#N/A","#N/A","#N/A","#N/A"
86d00019-4c0d-45a3-8a05-fc33aba9da48,Regular cleaning & preventative maintenance to keep your equipment operating optimally.- Recurring,"#N/A","#N/A",SRV,false,false,Monthly Maintance Plan,SRV-R-2,"#N/A",Default,One per quote line,"#N/A","#N/A","#N/A",Quantity,"#N/A",true,"#N/A","#N/A","#N/A","#N/A","#N/A","#N/A","#N/A","#N/A","#N/A",false,"#N/A","#N/A",false,"#N/A","#N/A",1.0,false,"#N/A","#N/A",false,false,false,false,"#N/A",false,false,false,false,false,false,false,false,"#N/A",Click,false,false,"#N/A",false,List,"#N/A",true,"#N/A",false,"#N/A","#N/A","#N/A",List,"#N/A","#N/A",Fixed Price,"#N/A",1.0,Renewable,"#N/A",false,"#N/A","#N/A","#N/A","#N/A","#N/A","#N/A","#N/A","#N/A"
8b1a7b31-58ea-47b7-8873-155f8e02ef9b,A high capacity coffee maker designed for continuous use with direct water line plumbing.,"#N/A","#N/A",EQP,false,false,Keurig® K-2500® Plumbed Commercial Coffee Maker,EQP-OT-5,"#N/A",Default,One per quote line,"#N/A","#N/A","#N/A",Quantity,"#N/A",false,"#N/A","#N/A","#N/A","#N/A","#N/A","#N/A","#N/A","#N/A","#N/A",false,"#N/A","#N/A",false,"#N/A","#N/A",1.0,false,"#N/A","#N/A",false,false,false,false,"#N/A",false,false,false,false,false,false,false,false,"#N/A",Click,false,false,"#N/A",false,List,"#N/A",true,"#N/A",false,"#N/A","#N/A","#N/A",List,"#N/A","#N/A","#N/A","#N/A","#N/A",One-time,"#N/A",false,"#N/A","#N/A","#N/A","#N/A","#N/A","#N/A","#N/A","#N/A"
939da2bf-7200-4bd9-aa42-d4cdf100b7f3,"Consists of 10 lines bundled together
Each line is 3/8"" in diameter
Roll contains 100' of bundled tubing","#N/A","#N/A",EQP,false,false,100' Roll of 10 Line Bundled Tubing,EQP-OT-3,"#N/A",Default,One per quote line,"#N/A","#N/A","#N/A",Quantity,"#N/A",false,"#N/A","#N/A","#N/A","#N/A","#N/A","#N/A","#N/A","#N/A","#N/A",false,"#N/A","#N/A",false,"#N/A","#N/A",1.0,false,"#N/A","#N/A",false,false,false,false,"#N/A",false,false,false,false,false,false,false,false,"#N/A",Click,false,false,"#N/A",false,List,"#N/A",true,"#N/A",false,"#N/A","#N/A","#N/A",List,"#N/A","#N/A","#N/A","#N/A","#N/A",One-time,"#N/A",false,"#N/A","#N/A","#N/A","#N/A","#N/A","#N/A","#N/A","#N/A"
96cda9c4-1a87-4e4f-bd4f-7abfee5c211e,1 24-count Box of K-Cups Pods- Recurring,"#N/A","#N/A",BEV,false,false,Deployment Dark Roast,COF-R-4,"#N/A",Default,One per quote line,"#N/A","#N/A","#N/A",Quantity,"#N/A",false,"#N/A","#N/A","#N/A","#N/A","#N/A","#N/A","#N/A","#N/A","#N/A",false,"#N/A","#N/A",false,"#N/A","#N/A",1.0,false,"#N/A","#N/A",false,false,false,false,"#N/A",false,false,false,false,false,false,false,false,"#N/A",Click,false,false,"#N/A",false,List,"#N/A",true,"#N/A",false,"#N/A","#N/A","#N/A",List,"#N/A","#N/A",Fixed Price,"#N/A",1.0,Renewable,"#N/A",false,"#N/A","#N/A","#N/A","#N/A","#N/A","#N/A","#N/A","#N/A"
98083fed-d012-42f4-ae79-954530d2df6f,"#N/A","#N/A","#N/A","#N/A",true,false,Coffee Starter Bundle,CSB-B,"#N/A",Default,One per quote line,"#N/A","#N/A","#N/A",Quantity,"#N/A",false,"#N/A",Always,"#N/A","#N/A","#N/A",Required,"#N/A","#N/A","#N/A",false,"#N/A","#N/A",false,"#N/A","#N/A",1.0,false,"#N/A","#N/A",false,false,false,false,"#N/A",false,false,false,false,false,false,false,false,"#N/A",Click,false,false,"#N/A",false,List,"#N/A",true,"#N/A",false,"#N/A","#N/A","#N/A",List,"#N/A","#N/A","#N/A","#N/A","#N/A",One-time,"#N/A",false,"#N/A","#N/A","#N/A","#N/A","#N/A","#N/A","#N/A","#N/A"
9d072be7-d802-44f9-b9b4-f53c1d71f422,1 24-count Box of K-Cups Pods- Recurring,"#N/A","#N/A",BEV,false,false,Deployment Dark Roast,COF-R-4,"#N/A",Default,One per quote line,"#N/A","#N/A","#N/A",Quantity,"#N/A",false,"#N/A","#N/A","#N/A","#N/A","#N/A","#N/A","#N/A","#N/A","#N/A",false,"#N/A","#N/A",false,"#N/A","#N/A",1.0,false,"#N/A","#N/A",false,false,false,false,"#N/A",false,false,false,false,false,false,false,false,"#N/A",Click,false,false,"#N/A",false,List,"#N/A",true,"#N/A",false,"#N/A","#N/A","#N/A",List,"#N/A","#N/A",Fixed Price,"#N/A",1.0,Renewable,"#N/A",false,"#N/A","#N/A","#N/A","#N/A","#N/A","#N/A","#N/A","#N/A"
a25d4f49-e677-4319-b1db-362f7d97506e,9 Gallon Bag in Box Syrup- One time,"#N/A","#N/A",BEV,false,false,Go-Live Grape Syrup,POP-OT-5,"#N/A",Default,One per quote line,"#N/A","#N/A","#N/A",Quantity,"#N/A",false,"#N/A","#N/A","#N/A","#N/A","#N/A","#N/A","#N/A","#N/A","#N/A",false,"#N/A","#N/A",false,"#N/A","#N/A",1.0,false,"#N/A","#N/A",false,false,false,false,"#N/A",false,false,false,false,false,false,false,false,"#N/A",Click,false,false,"#N/A",false,List,"#N/A",true,"#N/A",false,"#N/A","#N/A","#N/A",List,"#N/A","#N/A","#N/A","#N/A","#N/A",One-time,"#N/A",false,"#N/A","#N/A","#N/A","#N/A","#N/A","#N/A","#N/A","#N/A"
a4df9c2c-de8a-48be-9801-c6ab6875d98b,8 Gallon Bag in Box Syrup- One time,"#N/A","#N/A",BEV,false,false,Low-Code Lemon-Lime Syrup,POP-OT-4,"#N/A",Default,One per quote line,"#N/A","#N/A","#N/A",Quantity,"#N/A",false,"#N/A","#N/A","#N/A","#N/A","#N/A","#N/A","#N/A","#N/A","#N/A",false,"#N/A","#N/A",false,"#N/A","#N/A",1.0,false,"#N/A","#N/A",false,false,false,false,"#N/A",false,false,false,false,false,false,false,false,"#N/A",Click,false,false,"#N/A",false,List,"#N/A",true,"#N/A",false,"#N/A","#N/A","#N/A",List,"#N/A","#N/A","#N/A","#N/A","#N/A",One-time,"#N/A",false,"#N/A","#N/A","#N/A","#N/A","#N/A","#N/A","#N/A","#N/A"
a4fb7e37-2656-4057-bc04-73ec798970b8,6 Gallon Bag in Box Syrup- Recurring,"#N/A","#N/A",BEV,false,false,Dr. Prod Syrup,POP-R-2,"#N/A",Default,One per quote line,"#N/A","#N/A","#N/A",Quantity,"#N/A",false,"#N/A","#N/A","#N/A","#N/A","#N/A","#N/A","#N/A","#N/A","#N/A",false,"#N/A","#N/A",false,"#N/A","#N/A",1.0,false,"#N/A","#N/A",false,false,false,false,"#N/A",false,false,false,false,false,false,false,false,"#N/A",Click,false,false,"#N/A",false,List,"#N/A",true,"#N/A",false,"#N/A","#N/A","#N/A",List,"#N/A","#N/A",Fixed Price,"#N/A",1.0,Renewable,"#N/A",false,"#N/A","#N/A","#N/A","#N/A","#N/A","#N/A","#N/A","#N/A"
a55f69ea-7391-4790-8f80-7162d4a874db,1 24-count Box of K-Cups Pods- One time,"#N/A","#N/A",BEV,false,false,Version Control Cappuccino,COF-OT-7,"#N/A",Default,One per quote line,"#N/A","#N/A","#N/A",Quantity,"#N/A",false,"#N/A","#N/A","#N/A","#N/A","#N/A","#N/A","#N/A","#N/A","#N/A",false,"#N/A","#N/A",false,"#N/A","#N/A",1.0,false,"#N/A","#N/A",false,false,false,false,"#N/A",false,false,false,false,false,false,false,false,"#N/A",Click,false,false,"#N/A",false,List,"#N/A",true,"#N/A",false,"#N/A","#N/A","#N/A",List,"#N/A","#N/A","#N/A","#N/A","#N/A",Renewable,"#N/A",false,"#N/A","#N/A","#N/A","#N/A","#N/A","#N/A","#N/A","#N/A"
a566bac5-5682-4650-9a34-fa9c9bda05ad,Vulnerability Testing: Omega,"#N/A","#N/A",Professional Services,true,false,Vulnerability Testing: Omega,VT1,"#N/A","#N/A","#N/A","#N/A","#N/A","#N/A","#N/A","#N/A",false,"#N/A","#N/A","#N/A","#N/A","#N/A","#N/A","#N/A","#N/A","#N/A",false,"#N/A","#N/A",false,"#N/A","#N/A",1.0,false,"#N/A","#N/A",false,false,false,false,"#N/A",false,false,false,false,false,false,false,false,"#N/A","#N/A",false,false,"#N/A",false,"#N/A",015Hn000001UHwh,true,"#N/A",false,"#N/A","#N/A","#N/A","#N/A","#N/A","#N/A","#N/A","#N/A","#N/A","#N/A","#N/A",false,"#N/A","#N/A","#N/A","#N/A","#N/A","#N/A","#N/A","#N/A"
a61388b1-564c-4a4d-86db-a837bfb7706b,11 Gallon Bag in Box Syrup- One time,"#N/A","#N/A",BEV,false,false,Release Root Beer Syrup,POP-OT-7,"#N/A",Default,One per quote line,"#N/A","#N/A","#N/A",Quantity,"#N/A",false,"#N/A","#N/A","#N/A","#N/A","#N/A","#N/A","#N/A","#N/A","#N/A",false,"#N/A","#N/A",false,"#N/A","#N/A",1.0,false,"#N/A","#N/A",false,false,false,false,"#N/A",false,false,false,false,false,false,false,false,"#N/A",Click,false,false,"#N/A",false,List,"#N/A",true,"#N/A",false,"#N/A","#N/A","#N/A",List,"#N/A","#N/A","#N/A","#N/A","#N/A",One-time,"#N/A",false,"#N/A","#N/A","#N/A","#N/A","#N/A","#N/A","#N/A","#N/A"
a77b115a-e5eb-4d13-bc75-6d34f448abc7,6 Gallon Bag in Box Syrup- One time,"#N/A","#N/A",BEV,false,false,Dr. Prod Syrup,POP-OT-2,"#N/A",Default,One per quote line,"#N/A","#N/A","#N/A",Quantity,"#N/A",false,"#N/A","#N/A","#N/A","#N/A","#N/A","#N/A","#N/A","#N/A","#N/A",false,"#N/A","#N/A",false,"#N/A","#N/A",1.0,false,"#N/A","#N/A",false,false,false,false,"#N/A",false,false,false,false,false,false,false,false,"#N/A",Click,false,false,"#N/A",false,List,"#N/A",true,"#N/A",false,"#N/A","#N/A","#N/A",List,"#N/A","#N/A","#N/A","#N/A","#N/A",One-time,"#N/A",false,"#N/A","#N/A","#N/A","#N/A","#N/A","#N/A","#N/A","#N/A"
a8e656f3-792c-4f2c-b32c-3eb71fa9d139,1 24-count Box of K-Cups Pods- Recurring,"#N/A","#N/A",BEV,false,false,Version Control Cappuccino,COF-R-7,"#N/A",Default,One per quote line,"#N/A","#N/A","#N/A",Quantity,"#N/A",false,"#N/A","#N/A","#N/A","#N/A","#N/A","#N/A","#N/A","#N/A","#N/A",false,"#N/A","#N/A",false,"#N/A","#N/A",1.0,false,"#N/A","#N/A",false,false,false,false,"#N/A",false,false,false,false,false,false,false,false,"#N/A",Click,false,false,"#N/A",false,List,"#N/A",true,"#N/A",false,"#N/A","#N/A","#N/A",List,"#N/A","#N/A",Fixed Price,"#N/A",1.0,Renewable,"#N/A",false,"#N/A","#N/A","#N/A","#N/A","#N/A","#N/A","#N/A","#N/A"
a9982688-2ad9-4d36-8017-68c21d2b0ab9,"Fully programmable coffee maker with an interactive touch-screen that allows for a customizable brewing experience.
Includes Direct Plumb Kit Accessory","#N/A","#N/A",EQP,false,false,Keurig® K150P - Plumbed Commercial Coffee Maker,EQP-OT-4,"#N/A",Default,One per quote line,"#N/A","#N/A","#N/A",Quantity,"#N/A",false,"#N/A","#N/A","#N/A","#N/A","#N/A","#N/A","#N/A","#N/A","#N/A",false,"#N/A","#N/A",false,"#N/A","#N/A",1.0,false,"#N/A","#N/A",false,false,false,false,"#N/A",false,false,false,false,false,false,false,false,"#N/A",Click,false,false,"#N/A",false,List,"#N/A",true,"#N/A",false,"#N/A","#N/A","#N/A",List,"#N/A","#N/A","#N/A","#N/A","#N/A",One-time,"#N/A",false,"#N/A","#N/A","#N/A","#N/A","#N/A","#N/A","#N/A","#N/A"
abd9b6c0-c88e-43f7-aec6-f219387c1b56,1 24-count Box of K-Cups Pods- Recurring,"#N/A","#N/A",BEV,false,false,Pumpkin Sandbox Latte,COF-R-3,"#N/A",Default,One per quote line,"#N/A","#N/A","#N/A",Quantity,"#N/A",false,"#N/A","#N/A","#N/A","#N/A","#N/A","#N/A","#N/A","#N/A","#N/A",false,"#N/A","#N/A",false,"#N/A","#N/A",1.0,false,"#N/A","#N/A",false,false,false,false,"#N/A",false,false,false,false,false,false,false,false,"#N/A",Click,false,false,"#N/A",false,List,"#N/A",true,"#N/A",false,"#N/A","#N/A","#N/A",List,"#N/A","#N/A",Fixed Price,"#N/A",1.0,Renewable,"#N/A",false,"#N/A","#N/A","#N/A","#N/A","#N/A","#N/A","#N/A","#N/A"
ad33cd56-ee49-497f-802e-9d3f21efbac4,"K-Cycle™ bins are bundled in packs of five (5), for offices that brew 24 K-Cup® pods or more a day - 450 K-Cup® pods per bin. Single bins are not available.- Recurring
 
EACH BIN INCLUDES
1. Pre-paid UPS return label affixed to bin
2. Pre-affixed bag and zip tie seal for brewed K-Cup® pod collection","#N/A","#N/A",SRV,false,false,KCup Recycling Program,SRV-R-1,"#N/A",Default,One per quote line,"#N/A","#N/A","#N/A",Quantity,"#N/A",true,"#N/A","#N/A","#N/A","#N/A","#N/A","#N/A","#N/A","#N/A","#N/A",false,"#N/A","#N/A",false,"#N/A","#N/A",1.0,false,"#N/A","#N/A",false,false,false,false,"#N/A",false,false,false,false,false,false,false,false,"#N/A",Click,false,false,"#N/A",false,List,"#N/A",true,"#N/A",false,"#N/A","#N/A","#N/A",List,"#N/A","#N/A",Fixed Price,"#N/A",1.0,Renewable,"#N/A",false,"#N/A","#N/A","#N/A","#N/A","#N/A","#N/A","#N/A","#N/A"
b32bdfa4-cacc-4392-b3e5-105bec49eafb,5 Gallon Bag in Box Syrup- One time,"#N/A","#N/A","#N/A",true,false,Prodly Cola Syrup,POP-OT-1,"#N/A",Default,One per quote line,"#N/A","#N/A","#N/A",Quantity,"#N/A",false,"#N/A","#N/A","#N/A","#N/A","#N/A","#N/A","#N/A","#N/A","#N/A",false,"#N/A","#N/A",false,"#N/A","#N/A",1.0,false,"#N/A","#N/A",false,false,false,false,"#N/A",false,false,false,false,false,false,false,false,"#N/A",Click,false,false,"#N/A",false,List,"#N/A",true,"#N/A",false,"#N/A","#N/A","#N/A",List,"#N/A","#N/A","#N/A","#N/A","#N/A",One-time,"#N/A",false,"#N/A","#N/A","#N/A","#N/A","#N/A","#N/A","#N/A","#N/A"
ba8734c9-d808-4d52-8991-81a8d133b1fb,8 Gallon Bag in Box Syrup- Recurring,"#N/A","#N/A",BEV,false,false,Low-Code Lemon-Lime Syrup,POP-R-4,"#N/A",Default,One per quote line,"#N/A","#N/A","#N/A",Quantity,"#N/A",false,"#N/A","#N/A","#N/A","#N/A","#N/A","#N/A","#N/A","#N/A","#N/A",false,"#N/A","#N/A",false,"#N/A","#N/A",1.0,false,"#N/A","#N/A",false,false,false,false,"#N/A",false,false,false,false,false,false,false,false,"#N/A",Click,false,false,"#N/A",false,List,"#N/A",true,"#N/A",false,"#N/A","#N/A","#N/A",List,"#N/A","#N/A",Fixed Price,"#N/A",1.0,Renewable,"#N/A",false,"#N/A","#N/A","#N/A","#N/A","#N/A","#N/A","#N/A","#N/A"
be072bf0-3bac-41f5-87dd-c37a07ff7bed,8 24-count Boxes of our best selling blends.- One time,"#N/A","#N/A",BEV,false,false,Best Sellers Varieties Curated Collection,COF-OT-1,"#N/A",Default,One per quote line,"#N/A","#N/A","#N/A",Quantity,"#N/A",false,"#N/A","#N/A","#N/A","#N/A","#N/A","#N/A","#N/A","#N/A","#N/A",false,"#N/A","#N/A",false,"#N/A","#N/A",1.0,false,"#N/A","#N/A",false,false,false,false,"#N/A",false,false,false,false,false,false,false,false,"#N/A",Click,false,false,"#N/A",false,List,"#N/A",true,"#N/A",false,"#N/A","#N/A","#N/A",List,"#N/A","#N/A","#N/A","#N/A","#N/A",One-time,"#N/A",false,"#N/A","#N/A","#N/A","#N/A","#N/A","#N/A","#N/A","#N/A"
c4a6d58a-d99c-4172-b4e6-7b63d074e09d,1 24-count Box of K-Cups Pods- One time,"#N/A","#N/A",BEV,false,false,Deployment Dark Roast,COF-OT-4,"#N/A",Default,One per quote line,"#N/A","#N/A","#N/A",Quantity,"#N/A",false,"#N/A","#N/A","#N/A","#N/A","#N/A","#N/A","#N/A","#N/A","#N/A",false,"#N/A","#N/A",false,"#N/A","#N/A",1.0,false,"#N/A","#N/A",false,false,false,false,"#N/A",false,false,false,false,false,false,false,false,"#N/A",Click,false,false,"#N/A",false,List,"#N/A",true,"#N/A",false,"#N/A","#N/A","#N/A",List,"#N/A","#N/A","#N/A","#N/A","#N/A",One-time,"#N/A",false,"#N/A","#N/A","#N/A","#N/A","#N/A","#N/A","#N/A","#N/A"
c8ade4c3-5a07-4143-b387-327939d3ba31,Secure Event Manager,"#N/A","#N/A",Security Management,true,false,Secure Event Manager,SM2,"#N/A",Default,One per quote line,"#N/A","#N/A","#N/A",Quantity,"#N/A",false,"#N/A","#N/A","#N/A","#N/A","#N/A","#N/A","#N/A","#N/A","#N/A",false,"#N/A","#N/A",false,"#N/A","#N/A",10.0,false,"#N/A","#N/A",false,false,false,false,"#N/A",false,false,false,false,false,false,false,false,"#N/A",Click,false,false,"#N/A",false,List,015Hn000001UHwa,true,"#N/A",false,"#N/A","#N/A","#N/A",List,"#N/A","#N/A","#N/A","#N/A","#N/A",Renewable,"#N/A",false,"#N/A","#N/A","#N/A","#N/A","#N/A","#N/A","#N/A","#N/A"
d11a40ca-26e4-41e1-b51d-e520d3f342f9,Business Cloud Storage,"#N/A","#N/A",Cloud Storage,true,false,Business Cloud Storage,CS2,"#N/A",Default,One per quote line,"#N/A","#N/A","#N/A",Quantity,"#N/A",false,"#N/A","#N/A","#N/A","#N/A","#N/A","#N/A","#N/A","#N/A","#N/A",false,"#N/A","#N/A",false,"#N/A","#N/A",1.0,false,"#N/A","#N/A",false,false,false,false,"#N/A",false,false,false,false,false,false,false,false,"#N/A",Click,false,false,"#N/A",false,List,015Hn000001UHwe,true,"#N/A",false,"#N/A","#N/A","#N/A",List,"#N/A","#N/A","#N/A","#N/A","#N/A",Renewable,"#N/A",false,"#N/A","#N/A","#N/A","#N/A","#N/A","#N/A","#N/A","#N/A"
d1d5f6bf-997a-4173-b6e2-37e5f4e75214,6 Gallon Bag in Box Syrup- One time,"#N/A","#N/A",BEV,false,false,Dr. Prod Syrup,POP-OT-2,"#N/A",Default,One per quote line,"#N/A","#N/A","#N/A",Quantity,"#N/A",false,"#N/A","#N/A","#N/A","#N/A","#N/A","#N/A","#N/A","#N/A","#N/A",false,"#N/A","#N/A",false,"#N/A","#N/A",1.0,false,"#N/A","#N/A",false,false,false,false,"#N/A",false,false,false,false,false,false,false,false,"#N/A",Click,false,false,"#N/A",false,List,"#N/A",true,"#N/A",false,"#N/A","#N/A","#N/A",List,"#N/A","#N/A","#N/A","#N/A","#N/A",One-time,"#N/A",false,"#N/A","#N/A","#N/A","#N/A","#N/A","#N/A","#N/A","#N/A"
d80fd7f5-c8af-4c84-9713-68698b233fc0,Subscription for one (1) Time and Expense Administrator.,"#N/A","#N/A",Licensing,true,false,T&E Suite Admin License,TE14,"#N/A",Default,One per quote line,"#N/A","#N/A","#N/A",Quantity,"#N/A",false,"#N/A","#N/A","#N/A","#N/A","#N/A","#N/A","#N/A","#N/A","#N/A",false,"#N/A","#N/A",false,"#N/A","#N/A",1.0,false,"#N/A","#N/A",false,false,false,false,"#N/A",false,false,false,false,false,false,false,false,"#N/A",Click,false,false,"#N/A",false,List,015Hn000001UHwd,true,"#N/A",false,"#N/A","#N/A","#N/A",List,"#N/A","#N/A","#N/A","#N/A","#N/A",Renewable,"#N/A",false,"#N/A","#N/A","#N/A","#N/A","#N/A","#N/A","#N/A","#N/A"
d861073e-becf-4e99-92c9-b51343de282a,1 24-count Box of K-Cups Pods- One time,"#N/A","#N/A",BEV,false,false,Declarative Decaf,COF-OT-2,"#N/A",Default,One per quote line,"#N/A","#N/A","#N/A",Quantity,"#N/A",false,"#N/A","#N/A","#N/A","#N/A","#N/A","#N/A","#N/A","#N/A","#N/A",false,"#N/A","#N/A",false,"#N/A","#N/A",1.0,false,"#N/A","#N/A",false,false,false,false,"#N/A",false,false,false,false,false,false,false,false,"#N/A",Click,false,false,"#N/A",false,List,"#N/A",true,"#N/A",false,"#N/A","#N/A","#N/A",List,"#N/A","#N/A","#N/A","#N/A","#N/A",One-time,"#N/A",false,"#N/A","#N/A","#N/A","#N/A","#N/A","#N/A","#N/A","#N/A"
dd7039f3-4612-4b49-b4f0-f1983573313d,Toshiba Chromebook 2,"#N/A","#N/A",Professional Services,true,false,Basic Consulting Plan,LT-TOSH,"#N/A",Default,One per quote line,"#N/A","#N/A","#N/A",Quantity,"#N/A",false,"#N/A","#N/A","#N/A","#N/A","#N/A","#N/A","#N/A","#N/A","#N/A",false,"#N/A","#N/A",false,"#N/A","#N/A",1.0,false,"#N/A","#N/A",false,false,false,false,"#N/A",false,false,false,false,false,false,false,false,"#N/A",Click,false,false,"#N/A",false,List,015Hn000001UHwc,true,"#N/A",false,"#N/A","#N/A","#N/A",List,"#N/A","#N/A","#N/A","#N/A","#N/A",Renewable,"#N/A",false,"#N/A","#N/A","#N/A","#N/A","#N/A","#N/A","#N/A","#N/A"
de09a405-2140-4b65-bd17-3d1c8ebbc709,8 Gallon Bag in Box Syrup- Recurring,"#N/A","#N/A",BEV,false,false,Low-Code Lemon-Lime Syrup,POP-R-4,"#N/A",Default,One per quote line,"#N/A","#N/A","#N/A",Quantity,"#N/A",false,"#N/A","#N/A","#N/A","#N/A","#N/A","#N/A","#N/A","#N/A","#N/A",false,"#N/A","#N/A",false,"#N/A","#N/A",1.0,false,"#N/A","#N/A",false,false,false,false,"#N/A",false,false,false,false,false,false,false,false,"#N/A",Click,false,false,"#N/A",false,List,"#N/A",true,"#N/A",false,"#N/A","#N/A","#N/A",List,"#N/A","#N/A",Fixed Price,"#N/A",1.0,Renewable,"#N/A",false,"#N/A","#N/A","#N/A","#N/A","#N/A","#N/A","#N/A","#N/A"
df824381-eedb-4e44-af6d-cb9aef4264ea,8 24-count Boxes of our best selling blends.- One time,"#N/A","#N/A",BEV,false,false,Best Sellers Varieties Curated Collection,COF-OT-1,"#N/A",Default,One per quote line,"#N/A","#N/A","#N/A",Quantity,"#N/A",false,"#N/A","#N/A","#N/A","#N/A","#N/A","#N/A","#N/A","#N/A","#N/A",false,"#N/A","#N/A",false,"#N/A","#N/A",1.0,false,"#N/A","#N/A",false,false,false,false,"#N/A",false,false,false,false,false,false,false,false,"#N/A",Click,false,false,"#N/A",false,List,"#N/A",true,"#N/A",false,"#N/A","#N/A","#N/A",List,"#N/A","#N/A","#N/A","#N/A","#N/A",One-time,"#N/A",false,"#N/A","#N/A","#N/A","#N/A","#N/A","#N/A","#N/A","#N/A"
e1419925-1ca2-4839-8d85-2d8d4686e009,Remote Implementation Support,"#N/A","#N/A",Implementation Services,true,false,Remote Implementation Support,IS1,"#N/A",Default,One per quote line,"#N/A","#N/A","#N/A",Quantity,"#N/A",false,"#N/A","#N/A","#N/A","#N/A","#N/A","#N/A","#N/A","#N/A","#N/A",false,"#N/A","#N/A",false,"#N/A","#N/A",1.0,false,"#N/A","#N/A",false,false,false,false,"#N/A",false,false,false,false,false,false,false,false,"#N/A",Click,false,false,"#N/A",false,List,015Hn000001UHwZ,true,"#N/A",false,"#N/A","#N/A","#N/A",List,"#N/A","#N/A","#N/A","#N/A","#N/A",Renewable,"#N/A",false,"#N/A","#N/A","#N/A","#N/A","#N/A","#N/A","#N/A","#N/A"
e1cb089f-0fd0-46cd-9bb7-f2eb4a47acdb,10 Gallon Bag in Box Syrup- One time,"#N/A","#N/A",BEV,false,false,Org-to-Org Orange Syrup,POP-OT-6,"#N/A",Default,One per quote line,"#N/A","#N/A","#N/A",Quantity,"#N/A",false,"#N/A","#N/A","#N/A","#N/A","#N/A","#N/A","#N/A","#N/A","#N/A",false,"#N/A","#N/A",false,"#N/A","#N/A",1.0,false,"#N/A","#N/A",false,false,false,false,"#N/A",false,false,false,false,false,false,false,false,"#N/A",Click,false,false,"#N/A",false,List,"#N/A",true,"#N/A",false,"#N/A","#N/A","#N/A",List,"#N/A","#N/A","#N/A","#N/A","#N/A",One-time,"#N/A",false,"#N/A","#N/A","#N/A","#N/A","#N/A","#N/A","#N/A","#N/A"
e420a352-835a-4faa-8044-1e4a92d94c61,1 24-count Box of K-Cups Pods- Recurring,"#N/A","#N/A",BEV,false,false,Declarative Decaf,COF-R-2,"#N/A",Default,One per quote line,"#N/A","#N/A","#N/A",Quantity,"#N/A",false,"#N/A","#N/A","#N/A","#N/A","#N/A","#N/A","#N/A","#N/A","#N/A",false,"#N/A","#N/A",false,"#N/A","#N/A",1.0,false,"#N/A","#N/A",false,false,false,false,"#N/A",false,false,false,false,false,false,false,false,"#N/A",Click,false,false,"#N/A",false,List,"#N/A",true,"#N/A",false,"#N/A","#N/A","#N/A",List,"#N/A","#N/A",Fixed Price,"#N/A",1.0,Renewable,"#N/A",false,"#N/A","#N/A","#N/A","#N/A","#N/A","#N/A","#N/A","#N/A"
e9a658ad-d876-4828-a72d-a715ad3db5d6,6 Gallon Bag in Box Syrup- Recurring,"#N/A","#N/A",BEV,false,false,Dr. Prod Syrup,POP-R-2,"#N/A",Default,One per quote line,"#N/A","#N/A","#N/A",Quantity,"#N/A",false,"#N/A","#N/A","#N/A","#N/A","#N/A","#N/A","#N/A","#N/A","#N/A",false,"#N/A","#N/A",false,"#N/A","#N/A",1.0,false,"#N/A","#N/A",false,false,false,false,"#N/A",false,false,false,false,false,false,false,false,"#N/A",Click,false,false,"#N/A",false,List,"#N/A",true,"#N/A",false,"#N/A","#N/A","#N/A",List,"#N/A","#N/A",Fixed Price,"#N/A",1.0,Renewable,"#N/A",false,"#N/A","#N/A","#N/A","#N/A","#N/A","#N/A","#N/A","#N/A"
f04d3860-d731-4a08-8b0d-334f603bb25e,"Fully programmable coffee maker with an interactive touch-screen that allows for a customizable brewing experience.
Includes Direct Plumb Kit Accessory","#N/A","#N/A",EQP,false,false,Keurig® K150P - Plumbed Commercial Coffee Maker,EQP-OT-4,"#N/A",Default,One per quote line,"#N/A","#N/A","#N/A",Quantity,"#N/A",false,"#N/A","#N/A","#N/A","#N/A","#N/A","#N/A","#N/A","#N/A","#N/A",false,"#N/A","#N/A",false,"#N/A","#N/A",1.0,false,"#N/A","#N/A",false,false,false,false,"#N/A",false,false,false,false,false,false,false,false,"#N/A",Click,false,false,"#N/A",false,List,"#N/A",true,"#N/A",false,"#N/A","#N/A","#N/A",List,"#N/A","#N/A","#N/A","#N/A","#N/A",One-time,"#N/A",false,"#N/A","#N/A","#N/A","#N/A","#N/A","#N/A","#N/A","#N/A"
f071d15e-423a-431b-8f49-94d775f4b234,1 24-count Box of K-Cups Pods- One time,"#N/A","#N/A",BEV,false,false,Declarative Decaf,COF-OT-2,"#N/A",Default,One per quote line,"#N/A","#N/A","#N/A",Quantity,"#N/A",false,"#N/A","#N/A","#N/A","#N/A","#N/A","#N/A","#N/A","#N/A","#N/A",false,"#N/A","#N/A",false,"#N/A","#N/A",1.0,false,"#N/A","#N/A",false,false,false,false,"#N/A",false,false,false,false,false,false,false,false,"#N/A",Click,false,false,"#N/A",false,List,"#N/A",true,"#N/A",false,"#N/A","#N/A","#N/A",List,"#N/A","#N/A","#N/A","#N/A","#N/A",One-time,"#N/A",false,"#N/A","#N/A","#N/A","#N/A","#N/A","#N/A","#N/A","#N/A"
f0845a2f-1ed1-4cf3-b0ab-35abb36e90ef,1 24-count Box of K-Cups Pods- One time,"#N/A","#N/A",BEV,false,false,Pumpkin Sandbox Latte,COF-OT-3,"#N/A",Default,One per quote line,"#N/A","#N/A","#N/A",Quantity,"#N/A",false,"#N/A","#N/A","#N/A","#N/A","#N/A","#N/A","#N/A","#N/A","#N/A",false,"#N/A","#N/A",false,"#N/A","#N/A",1.0,false,"#N/A","#N/A",false,false,false,false,"#N/A",false,false,false,false,false,false,false,false,"#N/A",Click,false,false,"#N/A",false,List,"#N/A",true,"#N/A",false,"#N/A","#N/A","#N/A",List,"#N/A","#N/A","#N/A","#N/A","#N/A",One-time,"#N/A",false,"#N/A","#N/A","#N/A","#N/A","#N/A","#N/A","#N/A","#N/A"
f2f1369e-47d4-4c77-b723-8640a9023114,Business Password Vault,"#N/A","#N/A",Password Vault,true,false,Business Password Vault,PV2,"#N/A","#N/A","#N/A","#N/A","#N/A","#N/A","#N/A","#N/A",false,"#N/A","#N/A","#N/A","#N/A","#N/A","#N/A","#N/A","#N/A","#N/A",false,"#N/A","#N/A",false,"#N/A","#N/A",50.0,false,"#N/A","#N/A",false,false,false,false,"#N/A",false,false,false,false,false,false,false,false,"#N/A","#N/A",false,false,"#N/A",false,"#N/A",015Hn000001UHwl,true,"#N/A",false,"#N/A","#N/A","#N/A","#N/A","#N/A","#N/A","#N/A","#N/A","#N/A","#N/A","#N/A",false,"#N/A","#N/A","#N/A","#N/A","#N/A","#N/A","#N/A","#N/A"
f4ea5c7c-7aa1-4209-a37c-ca583c2474cc,"Forces CO2 into water to create carbonation for sodas
No need to turn off CO2 or water to service; maintain electronics without depressurizing the tank
115V, 1/3 hp, 1725 RPM motor","#N/A","#N/A",EQP,false,false,Fastflow Carbonator,EQP-OT-2,"#N/A",Default,One per quote line,"#N/A","#N/A","#N/A",Quantity,"#N/A",false,"#N/A","#N/A","#N/A","#N/A","#N/A","#N/A","#N/A","#N/A","#N/A",false,"#N/A","#N/A",false,"#N/A","#N/A",1.0,false,"#N/A","#N/A",false,false,false,false,"#N/A",false,false,false,false,false,false,false,false,"#N/A",Click,false,false,"#N/A",false,List,"#N/A",true,"#N/A",false,"#N/A","#N/A","#N/A",List,"#N/A","#N/A","#N/A","#N/A","#N/A",One-time,"#N/A",false,"#N/A","#N/A","#N/A","#N/A","#N/A","#N/A","#N/A","#N/A"
f58a221a-c95e-40dc-8c07-c01c1ec1793a,5 Gallon Bag in Box Syrup- Recurring,"#N/A","#N/A",BEV,false,false,Prodly Cola Syrup,POP-R-1,"#N/A",Default,One per quote line,"#N/A","#N/A","#N/A",Quantity,"#N/A",false,"#N/A","#N/A","#N/A","#N/A","#N/A","#N/A","#N/A","#N/A","#N/A",false,"#N/A","#N/A",false,"#N/A","#N/A",1.0,false,"#N/A","#N/A",false,false,false,false,"#N/A",false,false,false,false,false,false,false,false,"#N/A",Click,false,false,"#N/A",false,List,"#N/A",true,"#N/A",false,"#N/A","#N/A","#N/A",List,"#N/A","#N/A",Fixed Price,"#N/A",1.0,Renewable,"#N/A",false,"#N/A","#N/A","#N/A","#N/A","#N/A","#N/A","#N/A","#N/A"
f5a5dd93-6889-4586-9135-0dc005f5ee10,Security Certification Training: Basic,"#N/A","#N/A",Training,true,false,Security Certification Training: Basic,SC1,"#N/A",Default,One per quote line,"#N/A","#N/A","#N/A",Quantity,"#N/A",false,"#N/A","#N/A","#N/A","#N/A","#N/A","#N/A","#N/A","#N/A","#N/A",false,"#N/A","#N/A",false,"#N/A","#N/A",5.0,false,"#N/A","#N/A",false,false,false,false,"#N/A",false,false,false,false,false,false,false,false,"#N/A",Click,false,false,"#N/A",false,List,015Hn000001UHwg,true,"#N/A",false,"#N/A","#N/A","#N/A",List,"#N/A","#N/A","#N/A","#N/A","#N/A",Renewable,"#N/A",false,"#N/A","#N/A","#N/A","#N/A","#N/A","#N/A","#N/A","#N/A"
f67e6e39-4e69-4a7f-9517-412282e848a6,12 Gallon Bag in Box Syrup- Recurring,"#N/A","#N/A",BEV,false,false,Agile Ginger Ale Syrup,POP-R-8,"#N/A",Default,One per quote line,"#N/A","#N/A","#N/A",Quantity,"#N/A",false,"#N/A","#N/A","#N/A","#N/A","#N/A","#N/A","#N/A","#N/A","#N/A",false,"#N/A","#N/A",false,"#N/A","#N/A",1.0,false,"#N/A","#N/A",false,false,false,false,"#N/A",false,false,false,false,false,false,false,false,"#N/A",Click,false,false,"#N/A",false,List,"#N/A",true,"#N/A",false,"#N/A","#N/A","#N/A",List,"#N/A","#N/A",Fixed Price,"#N/A",1.0,Renewable,"#N/A",false,"#N/A","#N/A","#N/A","#N/A","#N/A","#N/A","#N/A","#N/A"
f83db262-59d5-4200-bcc2-deca818db476,6-25 User Training,"#N/A","#N/A",Training,true,false,6-25 User Training,T1,"#N/A",Default,One per quote line,"#N/A","#N/A","#N/A",Quantity,"#N/A",false,"#N/A","#N/A","#N/A","#N/A","#N/A","#N/A","#N/A","#N/A","#N/A",false,"#N/A","#N/A",false,"#N/A","#N/A",1.0,false,"#N/A","#N/A",false,false,false,false,"#N/A",false,false,false,false,false,false,false,false,"#N/A",Click,false,false,"#N/A",false,List,015Hn000001UHwb,true,"#N/A",false,"#N/A","#N/A","#N/A",List,"#N/A","#N/A","#N/A","#N/A","#N/A",Renewable,"#N/A",false,"#N/A","#N/A","#N/A","#N/A","#N/A","#N/A","#N/A","#N/A"
f931230d-2b95-4164-87dc-4aafa9950838,"Consists of 10 lines bundled together
Each line is 3/8"" in diameter
Roll contains 100' of bundled tubing","#N/A","#N/A",EQP,false,false,100' Roll of 10 Line Bundled Tubing,EQP-OT-3,"#N/A",Default,One per quote line,"#N/A","#N/A","#N/A",Quantity,"#N/A",false,"#N/A","#N/A","#N/A","#N/A","#N/A","#N/A","#N/A","#N/A","#N/A",false,"#N/A","#N/A",false,"#N/A","#N/A",1.0,false,"#N/A","#N/A",false,false,false,false,"#N/A",false,false,false,false,false,false,false,false,"#N/A",Click,false,false,"#N/A",false,List,"#N/A",true,"#N/A",false,"#N/A","#N/A","#N/A",List,"#N/A","#N/A","#N/A","#N/A","#N/A",One-time,"#N/A",false,"#N/A","#N/A","#N/A","#N/A","#N/A","#N/A","#N/A","#N/A"
f9c320ae-3b32-4b60-a2d6-fb6cc7fd6c30,Security Certification Training: Bastion,"#N/A","#N/A",Training,true,false,Security Certification Training: Bastion,SC3,"#N/A",Default,One per quote line,"#N/A","#N/A","#N/A",Quantity,"#N/A",false,"#N/A","#N/A","#N/A","#N/A","#N/A","#N/A","#N/A","#N/A","#N/A",false,"#N/A","#N/A",false,"#N/A","#N/A",5.0,false,"#N/A","#N/A",false,false,false,false,"#N/A",false,false,false,false,false,false,false,false,"#N/A",Click,false,false,"#N/A",false,List,015Hn000001UHwg,true,"#N/A",false,"#N/A","#N/A","#N/A",List,"#N/A","#N/A","#N/A","#N/A","#N/A",Renewable,"#N/A",false,"#N/A","#N/A","#N/A","#N/A","#N/A","#N/A","#N/A","#N/A"
ffd5a955-74b3-4fcc-860c-dddd37f45ded,12 Gallon Bag in Box Syrup- Recurring,"#N/A","#N/A",BEV,false,false,Agile Ginger Ale Syrup,POP-R-8,"#N/A",Default,One per quote line,"#N/A","#N/A","#N/A",Quantity,"#N/A",false,"#N/A","#N/A","#N/A","#N/A","#N/A","#N/A","#N/A","#N/A","#N/A",false,"#N/A","#N/A",false,"#N/A","#N/A",1.0,false,"#N/A","#N/A",false,false,false,false,"#N/A",false,false,false,false,false,false,false,false,"#N/A",Click,false,false,"#N/A",false,List,"#N/A",true,"#N/A",false,"#N/A","#N/A","#N/A",List,"#N/A","#N/A",Fixed Price,"#N/A",1.0,Renewable,"#N/A",false,"#N/A","#N/A","#N/A","#N/A","#N/A","#N/A","#N/A","#N/A"
