"Guid","AccountSource","AnnualRevenue","BillingCity","BillingCountry","BillingEmail__c","BillingGeocodeAccuracy","BillingLatitude","BillingLongitude","BillingPostalCode","BillingState","BillingStreet","CorporateLocations__c","Custom_Account_Picklist__c","Description","Fax","FranchiseLocations__c","Industry","IsCustomerPortal","Jigsaw","Name","NumberOfEmployees","ParentId","Phone","SBQQ__AssetQuantitiesCombined__c","SBQQ__CoTermedContractsCombined__c","SBQQ__CoTerminationEvent__c","SBQQ__ContractCoTermination__c","SBQQ__IgnoreParentContractedPrices__c","SBQQ__PreserveBundle__c","SBQQ__PriceHoldEnd__c","SBQQ__RenewalModel__c","SBQQ__RenewalPricingMethod__c","SBQQ__TaxExempt__c","ShippingCity","ShippingCountry","ShippingGeocodeAccuracy","ShippingLatitude","ShippingLongitude","ShippingPostalCode","ShippingState","ShippingStreet","SicDesc","TaxID__c","Test_Field__c","Type","Website","blng__CustomerProfileId__c","blng__DefaultPaymentType__c","ccrz__CustomField1__c","ccrz__CustomField2__c","ccrz__DataId__c","ccrz__PreventAddrBookSave__c","ccrz__PreventNewAddrCheckout__c","ccrz__PreventNewBillAddrCO__c","ccrz__SourceSystem__c","ccrz__TaxExemptAccount__c","ccrz__UsedByCloudcraze__c"
00daa52c-9132-4bb9-99da-993eec380a62,"#N/A",4.8213E11,Bentonville,United States,"#N/A","#N/A","#N/A","#N/A",72716-6299,AR,702 SW 8th St,"#N/A","#N/A",Upward Financial Services is the leader in Financial Services in Bentonville,"#N/A","#N/A",Financial Services,false,"#N/A",Photofeed,"#N/A","#N/A",1.479.273.4000,false,false,"#N/A",Never,false,true,"#N/A",Contract Based,Same,No,"#N/A","#N/A","#N/A","#N/A","#N/A","#N/A","#N/A","#N/A","#N/A","#N/A","#N/A",Prospect,"#N/A","#N/A","#N/A","#N/A","#N/A","#N/A",false,false,false,"#N/A",false,false
01c23d14-0ae4-4bfa-96d3-0f1c03cee128,"#N/A",1.5240896511E10,Columbus,United States,"#N/A","#N/A","#N/A","#N/A",43215-2226,OH,1 Nationwide Plz,"#N/A","#N/A",Polimarc Inc. is the leader in Media in Columbus,"#N/A","#N/A",Media,false,"#N/A",Zoonoodle,"#N/A","#N/A",1.614.249.7111,false,false,"#N/A",Never,false,true,"#N/A",Contract Based,Same,No,Columbus,US,"#N/A","#N/A","#N/A",43218-2171,OH,P.O. BOX 182171,"#N/A","#N/A","#N/A",Prospect,"#N/A","#N/A","#N/A","#N/A","#N/A","#N/A",false,false,false,"#N/A",false,false
04239a23-58bf-478e-80f3-3e3c8d8c08b9,"#N/A",3.0935E10,Houston,United States,"#N/A","#N/A","#N/A","#N/A",77079-1100,TX,600 N Dairy Ashford Rd,"#N/A","#N/A","Optimetrics, LLC is the leader in Technology in Houston","#N/A","#N/A",Technology,false,"#N/A",Browsebug,"#N/A",efde0613-0606-490f-a795-14d7f5dd98c5,1.281.293.1000,false,false,"#N/A",Never,false,true,"#N/A",Contract Based,Same,No,Houston,US,"#N/A","#N/A","#N/A",77252-2197,TX,P.O. BOX 2197,"#N/A","#N/A","#N/A",Customer,"#N/A","#N/A","#N/A","#N/A","#N/A","#N/A",false,false,false,"#N/A",false,false
0523f3d3-f9dc-48c3-9475-d2846239f3d1,"#N/A","#N/A","#N/A","#N/A",ap@kfc.com.invalid.invalid,"#N/A","#N/A","#N/A","#N/A","#N/A","#N/A",1500.0,"#N/A","#N/A","#N/A",21621.0,Restaurant,false,"#N/A",KFC,500,"#N/A","#N/A",false,false,"#N/A",Never,false,true,"#N/A",Contract Based,Same,No,"#N/A","#N/A","#N/A","#N/A","#N/A","#N/A","#N/A","#N/A","#N/A",78-5876113,"#N/A",Customer,"#N/A","#N/A","#N/A","#N/A","#N/A","#N/A",false,false,false,"#N/A",false,false
0559b0b9-f82f-462c-866f-ee5ec093adc5,"#N/A",1.57107E11,Minnetonka,United States,"#N/A","#N/A","#N/A","#N/A",55343-9693,MN,9900 Bren Rd E Ste 300w,"#N/A","#N/A","Input, Inc. is the leader in Shipping in Minnetonka","#N/A","#N/A",Shipping,false,"#N/A",Skinte,"#N/A","#N/A",1.952.936.1300,false,false,"#N/A",Never,false,true,"#N/A",Contract Based,Same,No,Minneapolis,US,"#N/A","#N/A","#N/A",55440-1459,MN,P.O. BOX 1459,"#N/A","#N/A","#N/A",Customer,"#N/A","#N/A","#N/A","#N/A","#N/A","#N/A",false,false,false,"#N/A",false,false
07cee3e5-e10a-4f46-8e51-45139e16872f,"#N/A",2.9111322E7,Savannah,United States,"#N/A","#N/A","#N/A","#N/A",31410,GA,50137 Brickson Park Alley,"#N/A","#N/A","#N/A","#N/A","#N/A",Consulting,false,"#N/A",Pixope,"#N/A","#N/A","#N/A",false,false,"#N/A",Never,false,true,"#N/A",Contract Based,Same,No,"#N/A","#N/A","#N/A","#N/A","#N/A","#N/A","#N/A","#N/A","#N/A","#N/A","#N/A",Prospect,"#N/A","#N/A","#N/A","#N/A","#N/A","#N/A",false,false,false,"#N/A",false,false
0877a566-c2a3-4c82-9bc2-9d651a1a7452,"#N/A",4.9161E10,San Jose,United States,"#N/A","#N/A","#N/A","#N/A",95134-1706,CA,170 W Tasman Dr,"#N/A","#N/A",Franklin Research College is the leader in Higher Education in San Jose,"#N/A","#N/A",Higher Education,false,"#N/A",Oozz,"#N/A","#N/A",1.408.526.4000,false,false,"#N/A",Never,false,true,"#N/A",Contract Based,Same,No,"#N/A","#N/A","#N/A","#N/A","#N/A","#N/A","#N/A","#N/A","#N/A","#N/A","#N/A",Customer,"#N/A","#N/A","#N/A","#N/A","#N/A","#N/A",false,false,false,"#N/A",false,false
0887b261-a990-4a48-a958-0dc13e1c5131,"#N/A","#N/A","#N/A","#N/A",ap@pizzahut.com,"#N/A","#N/A","#N/A","#N/A","#N/A","#N/A",703.0,"#N/A","#N/A","#N/A",18000.0,Restaurant,false,"#N/A",Pizza Hut,"#N/A","#N/A","#N/A",false,false,"#N/A",Never,false,true,"#N/A",Contract Based,Same,No,"#N/A","#N/A","#N/A","#N/A","#N/A","#N/A","#N/A","#N/A","#N/A",12-3456789,"#N/A",Prospect,"#N/A","#N/A","#N/A","#N/A","#N/A","#N/A",false,false,false,"#N/A",false,false
0938a1cc-70d6-4bcd-b7d7-890a7891544d,"#N/A",4.12752795E8,Avoca Beach,Australia,"#N/A","#N/A","#N/A","#N/A",2251,NSW,18 Hillside Rd,"#N/A","#N/A",CL North is the leader in Healthcare in Avoca Beach,"#N/A","#N/A",Healthcare,false,"#N/A",Photolist,"#N/A","#N/A",(02) 7233 8627,false,false,"#N/A",Never,false,true,"#N/A",Contract Based,Same,No,Avoca Beach,Australia,"#N/A","#N/A","#N/A",2251,NSW,18 Hillside Rd,"#N/A","#N/A","#N/A",Customer,"#N/A","#N/A","#N/A","#N/A","#N/A","#N/A",false,false,false,"#N/A",false,false
0ac1f6e6-8143-4f40-989f-f1a8e10f8c42,"#N/A",1.17386E11,Fairfield,United States,"#N/A","#N/A","#N/A","#N/A",06828-0001,CT,3135 Easton Tpke,"#N/A","#N/A","Signal Processing, LLC is the leader in Technology in Fairfield","#N/A","#N/A",Technology,false,"#N/A",Vitz,"#N/A","#N/A",1.203.373.2211,false,false,"#N/A",Never,false,true,"#N/A",Contract Based,Same,No,"#N/A","#N/A","#N/A","#N/A","#N/A","#N/A","#N/A","#N/A","#N/A","#N/A","#N/A",Customer,"#N/A","#N/A","#N/A","#N/A","#N/A","#N/A",false,false,false,"#N/A",false,false
0fb4f72a-97f5-4c3f-99f6-250c336a8e34,"#N/A","#N/A",Brighton,USA,"#N/A","#N/A","#N/A","#N/A",80020,Colorado,5678 Victory Rd,"#N/A","#N/A",Alexa Roberts is the leader in Machinery in Brighton,"#N/A","#N/A",Machinery,false,"#N/A",Dabtype,"#N/A","#N/A","#N/A",false,false,"#N/A",Never,false,true,"#N/A",Contract Based,Same,No,"#N/A","#N/A","#N/A","#N/A","#N/A","#N/A","#N/A","#N/A","#N/A","#N/A","#N/A",Prospect,"#N/A","#N/A","#N/A","#N/A","#N/A","#N/A",false,false,false,"#N/A",false,false
106c6e97-f1b8-4550-9af5-3bb6a8581601,"#N/A",1.49558E11,Dearborn,United States,"#N/A","#N/A","#N/A","#N/A",48126-2701,MI,1 American Rd,"#N/A","#N/A","Tension, Inc. is the leader in Energy in Dearborn","#N/A","#N/A",Energy,false,"#N/A",Gabtype,"#N/A","#N/A",1.313.322.3000,false,false,"#N/A",Never,false,true,"#N/A",Contract Based,Same,No,Dearborn,US,"#N/A","#N/A","#N/A",48121-0685,MI,P.O. BOX 685,"#N/A","#N/A","#N/A",Customer,"#N/A","#N/A","#N/A","#N/A","#N/A","#N/A",false,false,false,"#N/A",false,false
10f4e9b4-25b7-491c-baf8-f91fe338fe9b,"#N/A",3.4292E10,Dallas,United States,"#N/A","#N/A","#N/A","#N/A",75225-6142,TX,8111 Westchester Dr # 600,"#N/A","#N/A",Mammoth Pictures is the leader in Media in Dallas,"#N/A","#N/A",Media,false,"#N/A",Fliptune,"#N/A","#N/A",1.214.981.0700,false,false,"#N/A",Never,false,true,"#N/A",Contract Based,Same,No,"#N/A","#N/A","#N/A","#N/A","#N/A","#N/A","#N/A","#N/A","#N/A","#N/A","#N/A",Customer,"#N/A","#N/A","#N/A","#N/A","#N/A","#N/A",false,false,false,"#N/A",false,false
1131bb81-2f20-4695-8cda-9aac8653467c,"#N/A",7.3785E10,Minneapolis,United States,"#N/A","#N/A","#N/A","#N/A",55403-2542,MN,1000 Nicollet Mall,"#N/A","#N/A","Equality Consulting, LLC is the leader in Services in Minneapolis","#N/A","#N/A",Services,false,"#N/A",Shufflester,"#N/A","#N/A",1.612.304.6073,false,false,"#N/A",Never,false,true,"#N/A",Contract Based,Same,No,"#N/A","#N/A","#N/A","#N/A","#N/A","#N/A","#N/A",P.O. BOX 81226,"#N/A","#N/A","#N/A",Prospect,"#N/A","#N/A","#N/A","#N/A","#N/A","#N/A",false,false,false,"#N/A",false,false
11680257-4ed3-46d6-a847-4689e8ead1fe,"#N/A",9.05588171E8,Bavaria,Germany,"#N/A","#N/A","#N/A","#N/A","#N/A",Munich,300 Chestnut Ridge Road,"#N/A","#N/A",SS North is the leader in Healthcare in Bavaria,"#N/A","#N/A",Healthcare,false,"#N/A",Dabfeed,"#N/A","#N/A","#N/A",false,false,"#N/A",Never,false,true,"#N/A",Contract Based,Same,No,"#N/A","#N/A","#N/A","#N/A","#N/A","#N/A","#N/A","#N/A","#N/A","#N/A","#N/A",Customer,"#N/A","#N/A","#N/A","#N/A","#N/A","#N/A",false,false,false,"#N/A",false,false
12ccc815-85d7-4644-b95e-3e550c98c56a,"#N/A","#N/A","#N/A","#N/A",ap@notredam.edu,"#N/A","#N/A","#N/A","#N/A",IN,"#N/A",1.0,"#N/A","#N/A","#N/A",0.0,Education,false,"#N/A",Notre Dame University,1309,"#N/A","#N/A",false,false,"#N/A",Never,false,true,"#N/A",Contract Based,Same,No,"#N/A","#N/A","#N/A","#N/A","#N/A","#N/A","#N/A","#N/A","#N/A",12-3456789,"#N/A",Prospect,"#N/A","#N/A","#N/A","#N/A","#N/A","#N/A",false,false,false,"#N/A",false,false
14b333db-207f-4885-bd2a-41669596e161,"#N/A","#N/A","#N/A","#N/A",billing@popeyes.co,"#N/A","#N/A","#N/A","#N/A","#N/A","#N/A",30.0,"#N/A","#N/A","#N/A",3072.0,Restaurant,false,"#N/A",Popeyes,"#N/A","#N/A","#N/A",false,false,"#N/A",Never,false,true,"#N/A",Contract Based,Same,No,"#N/A","#N/A","#N/A","#N/A","#N/A","#N/A","#N/A","#N/A","#N/A",12-3456789,"#N/A",Customer,"#N/A","#N/A","#N/A","#N/A","#N/A","#N/A",false,false,false,"#N/A",false,false
18849aff-d930-4d82-8b0b-19ffeb5e82c0,"#N/A",7.0074E10,New Brunswick,United States,"#N/A","#N/A","#N/A","#N/A",08933-0002,NJ,1 Johnson and Johnson Plz,"#N/A","#N/A",Budgetworks is the leader in Financial Services in New Brunswick,"#N/A","#N/A",Financial Services,false,"#N/A",Blognation,"#N/A","#N/A",1.732.524.0400,false,false,"#N/A",Never,false,true,"#N/A",Contract Based,Same,No,Neenah,US,"#N/A","#N/A","#N/A",54957-0767,WI,P.O. BOX 767,"#N/A","#N/A","#N/A",Customer,"#N/A","#N/A","#N/A","#N/A","#N/A","#N/A",false,false,false,"#N/A",false,false
18973a35-a6a4-4677-80bd-9e68134f50b6,"#N/A",5.6098E10,Farmington,United States,"#N/A","#N/A","#N/A","#N/A",06032-2577,CT,10 Farm Springs Rd,"#N/A","#N/A",Tungsten Security Services is the leader in Transportation in Farmington,"#N/A","#N/A",Transportation,false,"#N/A",Centimia,"#N/A","#N/A",1.860.728.7000,false,false,"#N/A",Never,false,true,"#N/A",Contract Based,Same,No,"#N/A","#N/A","#N/A","#N/A","#N/A","#N/A","#N/A","#N/A","#N/A","#N/A","#N/A",Customer,"#N/A","#N/A","#N/A","#N/A","#N/A","#N/A",false,false,false,"#N/A",false,false
18a64b69-ab47-49c4-a92b-245ce84afc35,"#N/A",5.25079613E8,Paris,France,"#N/A","#N/A","#N/A","#N/A","#N/A",Paris,30 Avenue Montaigne,"#N/A","#N/A",St. Francis South Side is the leader in Healthcare in Paris,"#N/A","#N/A",Healthcare,false,"#N/A",Edgepulse,"#N/A","#N/A","#N/A",false,false,"#N/A",Never,false,true,"#N/A",Contract Based,Same,No,"#N/A","#N/A","#N/A","#N/A","#N/A","#N/A","#N/A","#N/A","#N/A","#N/A","#N/A",Customer,"#N/A","#N/A","#N/A","#N/A","#N/A","#N/A",false,false,false,"#N/A",false,false
1e27a0f8-eb8c-4d92-a06d-87427627b543,"#N/A",1.78663741E8,Canary Wharf,United Kingdom,"#N/A","#N/A","#N/A","#N/A",E14 5AJ,London,1 Canada Square,"#N/A","#N/A",St. Francis Hospital is the leader in Healthcare in Canary Wharf,"#N/A","#N/A",Healthcare,false,"#N/A",Meembee,"#N/A","#N/A","#N/A",false,false,"#N/A",Never,false,true,"#N/A",Contract Based,Same,No,"#N/A","#N/A","#N/A","#N/A","#N/A","#N/A","#N/A","#N/A","#N/A","#N/A","#N/A",Customer,"#N/A","#N/A","#N/A","#N/A","#N/A","#N/A",false,false,false,"#N/A",false,false
1e7201f0-3122-4f6d-93f7-6e3a536798c7,"#N/A",1.38477E11,San Ramon,United States,"#N/A","#N/A","#N/A","#N/A",94583-2324,CA,6001 Bollinger Canyon Rd,"#N/A","#N/A",Audioshore is the leader in Technology in San Ramon,"#N/A","#N/A",Technology,false,"#N/A",Noba,"#N/A","#N/A",1.925.842.1000,false,false,"#N/A",Never,false,true,"#N/A",Contract Based,Same,No,"#N/A","#N/A","#N/A","#N/A","#N/A","#N/A","#N/A","#N/A","#N/A","#N/A","#N/A",Customer,"#N/A","#N/A","#N/A","#N/A","#N/A","#N/A",false,false,false,"#N/A",false,false
1fc673dd-e5c8-4c1e-88c2-a27fd4edf171,"#N/A",2.4520919E7,Pueblo,United States,"#N/A","#N/A","#N/A","#N/A",81005,CO,336 Erie Plaza,"#N/A","#N/A","#N/A","#N/A","#N/A",Utilities,false,"#N/A",Linklinks,"#N/A","#N/A","#N/A",false,false,"#N/A",Never,false,true,"#N/A",Contract Based,Same,No,"#N/A","#N/A","#N/A","#N/A","#N/A","#N/A","#N/A","#N/A","#N/A","#N/A","#N/A",Prospect,"#N/A","#N/A","#N/A","#N/A","#N/A","#N/A",false,false,false,"#N/A",false,false
1fdd685c-3350-4d8c-b3a2-b46f52a5dd1a,"#N/A",9351157.0,Lafayette,United States,"#N/A","#N/A","#N/A","#N/A",47905,IN,0526 Hauk Plaza,"#N/A","#N/A","#N/A","#N/A","#N/A",Energy,false,"#N/A",Thoughtsphere,"#N/A","#N/A","#N/A",false,false,"#N/A",Never,false,true,"#N/A",Contract Based,Same,No,"#N/A","#N/A","#N/A","#N/A","#N/A","#N/A","#N/A","#N/A","#N/A","#N/A","#N/A",Prospect,"#N/A","#N/A","#N/A","#N/A","#N/A","#N/A",false,false,false,"#N/A",false,false
2095f251-f2c9-4527-a8be-abcac6a29ebd,"#N/A",4.77757321E8,Sydney,Australia,"#N/A","#N/A","#N/A","#N/A",2000,NSW,200 George Street,"#N/A","#N/A",Corellian Engineering Corporation is the leader in Machinery in Sydney,"#N/A","#N/A",Machinery,false,"#N/A",Zoombox,"#N/A","#N/A",(02) 8858 6163,false,false,"#N/A",Never,false,true,"#N/A",Contract Based,Same,No,Sydney,Australia,"#N/A","#N/A","#N/A",2000,NSW,200 George Street,"#N/A","#N/A","#N/A",Customer,"#N/A","#N/A","#N/A","#N/A","#N/A","#N/A",false,false,false,"#N/A",false,false
20e1375a-5a9e-4ef3-8c84-e09d75d5d562,"#N/A",2.1153104E7,Houston,United States,"#N/A","#N/A","#N/A","#N/A",77228,TX,2591 Vidon Court,"#N/A","#N/A","#N/A","#N/A","#N/A",Manufacturing,false,"#N/A",Quatz,"#N/A","#N/A","#N/A",false,false,"#N/A",Never,false,true,"#N/A",Contract Based,Same,No,"#N/A","#N/A","#N/A","#N/A","#N/A","#N/A","#N/A","#N/A","#N/A","#N/A","#N/A",Prospect,"#N/A","#N/A","#N/A","#N/A","#N/A","#N/A",false,false,false,"#N/A",false,false
218bf119-ad62-4668-8e73-b3c500f5bb13,"#N/A",4.33338781E8,Docklands,Australia,"#N/A","#N/A","#N/A","#N/A",3008,VIC,50 Kerra Way,"#N/A","#N/A",Gizmonic Institute is the leader in Media in Docklands,"#N/A","#N/A",Media,false,"#N/A",Ooba,"#N/A","#N/A",(03) 6257 7887,false,false,"#N/A",Never,false,true,"#N/A",Contract Based,Same,No,Docklands,Australia,"#N/A","#N/A","#N/A",3008,VIC,50 Kerra Way,"#N/A","#N/A","#N/A",Customer,"#N/A","#N/A","#N/A","#N/A","#N/A","#N/A",false,false,false,"#N/A",false,false
233af7a8-6b11-434f-854a-41cc85b4c5e7,"#N/A",6.39903177E8,Sydney,Australia,"#N/A","#N/A","#N/A","#N/A",2007,NSW,390 Harris Street,"#N/A","#N/A",Petrox Oil Company is the leader in Energy in Sydney,"#N/A","#N/A",Energy,false,"#N/A",Kwideo,"#N/A","#N/A",(02) 7948 6474,false,false,"#N/A",Never,false,true,"#N/A",Contract Based,Same,No,Sydney,Australia,"#N/A","#N/A","#N/A",2007,NSW,390 Harris Street,"#N/A","#N/A","#N/A",Customer,"#N/A","#N/A","#N/A","#N/A","#N/A","#N/A",false,false,false,"#N/A",false,false
245a82ba-3220-4d32-8404-2b0cf11c61ba,"#N/A",8.9244318E7,Middlesex,United Kingdom,"#N/A","#N/A","#N/A","#N/A","#N/A",London,980 Great West Road,"#N/A","#N/A",TF South is the leader in Healthcare in Middlesex,"#N/A","#N/A",Healthcare,false,"#N/A",Chatterpoint,"#N/A","#N/A","#N/A",false,false,"#N/A",Never,false,true,"#N/A",Contract Based,Same,No,"#N/A","#N/A","#N/A","#N/A","#N/A","#N/A","#N/A","#N/A","#N/A","#N/A","#N/A",Customer,"#N/A","#N/A","#N/A","#N/A","#N/A","#N/A",false,false,false,"#N/A",false,false
24b3318e-aa5b-43a6-8aa3-e2640b7751ed,"#N/A",5.2465E10,Burbank,United States,"#N/A","#N/A","#N/A","#N/A",91521-0007,CA,500 S Buena Vista St,"#N/A","#N/A",Larsco College is the leader in Higher Education in Burbank,"#N/A","#N/A",Higher Education,false,"#N/A",Voolith,"#N/A","#N/A",1.818.560.1000,false,false,"#N/A",Never,false,true,"#N/A",Contract Based,Same,No,"#N/A","#N/A","#N/A","#N/A","#N/A","#N/A","#N/A","#N/A","#N/A","#N/A","#N/A",Customer,"#N/A","#N/A","#N/A","#N/A","#N/A","#N/A",false,false,false,"#N/A",false,false
24e9f70f-c385-4e09-ac7c-95fca549c5f2,"#N/A",2.3633E10,Houston,United States,"#N/A","#N/A","#N/A","#N/A",77032-3299,TX,3000 N Sam Houston Pkwy E,"#N/A","#N/A",Systym Vitals is the leader in Technology in Houston,"#N/A","#N/A",Technology,false,"#N/A",Twinder,"#N/A","#N/A",1.281.871.2699,false,false,"#N/A",Never,false,true,"#N/A",Contract Based,Same,No,"#N/A","#N/A","#N/A","#N/A","#N/A","#N/A","#N/A","#N/A","#N/A","#N/A","#N/A",Prospect,"#N/A","#N/A","#N/A","#N/A","#N/A","#N/A",false,false,false,"#N/A",false,false
26866cd5-a63c-4f60-ac6d-bbfc15454a6d,"#N/A",2.90807169E8,Algester,Australia,"#N/A","#N/A","#N/A","#N/A",4115,QLD,16 Hinterland Cr,"#N/A","#N/A",McMahon and Tate is the leader in Machinery in Algester,"#N/A","#N/A",Machinery,false,"#N/A",Meejo,"#N/A","#N/A",(07) 6586 8516,false,false,"#N/A",Never,false,true,"#N/A",Contract Based,Same,No,Algester,Australia,"#N/A","#N/A","#N/A",4115,QLD,16 Hinterland Cr,"#N/A","#N/A","#N/A",Customer,"#N/A","#N/A","#N/A","#N/A","#N/A","#N/A",false,false,false,"#N/A",false,false
2787b426-2ab0-40ed-9bba-054e67a11c0e,"#N/A",3645701.0,Bloomington,United States,"#N/A","#N/A","#N/A","#N/A",47405,IN,2 Graceland Street,"#N/A","#N/A","#N/A","#N/A","#N/A",Manufacturing,false,"#N/A",Photobug,"#N/A","#N/A","#N/A",false,false,"#N/A",Never,false,true,"#N/A",Contract Based,Same,No,"#N/A","#N/A","#N/A","#N/A","#N/A","#N/A","#N/A","#N/A","#N/A","#N/A","#N/A",Prospect,"#N/A","#N/A","#N/A","#N/A","#N/A","#N/A",false,false,false,"#N/A",false,false
27c8ad18-a950-4731-b762-3360b7101156,"#N/A",1.07006E11,Seattle,United States,"#N/A","#N/A","#N/A","#N/A",98109-5210,WA,410 Terry Ave N,"#N/A","#N/A",Heimdall College of Optometry is the leader in Higher Education in Seattle,"#N/A","#N/A",Higher Education,false,"#N/A",Bluezoom,"#N/A","#N/A",1.206.266.1000,false,false,"#N/A",Never,false,true,"#N/A",Contract Based,Same,No,Seattle,US,"#N/A","#N/A","#N/A",98108-1300,WA,P.O. BOX 81226,"#N/A","#N/A","#N/A",Prospect,"#N/A","#N/A","#N/A","#N/A","#N/A","#N/A",false,false,false,"#N/A",false,false
2be5173b-2455-4ecc-968d-e622a896cfe2,"#N/A",1.58331476E8,London,United Kingdom,"#N/A","#N/A","#N/A","#N/A",SE1 7NA,"#N/A",Shell Centre,"#N/A","#N/A",Videlectrix is the leader in Electronics,"#N/A","#N/A",Electronics,false,"#N/A",Livefish,"#N/A","#N/A","#N/A",false,false,"#N/A",Never,false,true,"#N/A",Contract Based,Same,No,"#N/A","#N/A","#N/A","#N/A","#N/A","#N/A","#N/A","#N/A","#N/A","#N/A","#N/A",Customer,"#N/A","#N/A","#N/A","#N/A","#N/A","#N/A",false,false,false,"#N/A",false,false
2bf33df0-1ef1-4e67-87f1-4ab40cc4f13f,"#N/A",8.4202995E8,North Rhine-Westphalia,Germany,"#N/A","#N/A","#N/A","#N/A","#N/A",Leverkusen,51368 Leverkusen,"#N/A","#N/A",SpringShield is the leader in Banking in North Rhine-Westphalia,"#N/A","#N/A",Banking,false,"#N/A",Fanoodle,"#N/A","#N/A","#N/A",false,false,"#N/A",Never,false,true,"#N/A",Contract Based,Same,No,"#N/A","#N/A","#N/A","#N/A","#N/A","#N/A","#N/A","#N/A","#N/A","#N/A","#N/A",Prospect,"#N/A","#N/A","#N/A","#N/A","#N/A","#N/A",false,false,false,"#N/A",false,false
2cba0e46-0694-4509-a74f-7d434086b2ad,"#N/A",2.3152E10,Houston,United States,"#N/A","#N/A","#N/A","#N/A",77002-4101,TX,333 Clay St Ste 1600,"#N/A","#N/A",Wentworth Industries is the leader in Engineering in Houston,"#N/A","#N/A",Engineering,false,"#N/A",Myworks,"#N/A","#N/A",1.713.646.4100,false,false,"#N/A",Never,false,true,"#N/A",Contract Based,Same,No,"#N/A","#N/A","#N/A","#N/A","#N/A","#N/A","#N/A","#N/A","#N/A","#N/A","#N/A",Customer,"#N/A","#N/A","#N/A","#N/A","#N/A","#N/A",false,false,false,"#N/A",false,false
318f8995-79ce-4d24-aa2f-078615f83231,"#N/A",7.20606185E8,Turin,Italy,"#N/A","#N/A","#N/A","#N/A","#N/A",Turin,"Via Nizza, 250","#N/A","#N/A",TF North is the leader in Healthcare in Turin,"#N/A","#N/A",Healthcare,false,"#N/A",Realcube,"#N/A","#N/A","#N/A",false,false,"#N/A",Never,false,true,"#N/A",Contract Based,Same,No,"#N/A","#N/A","#N/A","#N/A","#N/A","#N/A","#N/A","#N/A","#N/A","#N/A","#N/A",Customer,"#N/A","#N/A","#N/A","#N/A","#N/A","#N/A",false,false,false,"#N/A",false,false
32c87a3c-389d-4063-b28f-0dc183a500aa,"#N/A",1.58331476E8,Melbourne,Australia,"#N/A","#N/A","#N/A","#N/A",3000,VIC,200 Elizabeth Street,"#N/A","#N/A",Galaxy Corp is the leader in Banking in Melbourne,"#N/A","#N/A",Banking,false,"#N/A",Mycat,"#N/A","#N/A",(03) 7578 7328,false,false,"#N/A",Never,false,true,"#N/A",Contract Based,Same,No,Melbourne,Australia,"#N/A","#N/A","#N/A",3000,VIC,200 Elizabeth Street,"#N/A","#N/A","#N/A",Customer,"#N/A","#N/A","#N/A","#N/A","#N/A","#N/A",false,false,false,"#N/A",false,false
32d41f1e-9a6d-4a33-8f7c-89ddfc2deb73,"#N/A",3.0944938E10,Framingham,United States,"#N/A","#N/A","#N/A","#N/A",01701-4698,MA,770 Cochituate Rd Ste 1,"#N/A","#N/A",Prandial Foods is the leader in Consumer Goods in Framingham,"#N/A","#N/A",Consumer Goods,false,"#N/A",Yodel,"#N/A","#N/A",1.508.390.1000,false,false,"#N/A",Never,false,true,"#N/A",Contract Based,Same,No,Framingham,US,"#N/A","#N/A","#N/A",01701-9133,MA,P.O. BOX 9133,"#N/A","#N/A","#N/A",Customer,"#N/A","#N/A","#N/A","#N/A","#N/A","#N/A",false,false,false,"#N/A",false,false
33054ccf-ee83-4e6c-95a1-5415e104c081,"#N/A",2.33715E11,Cupertino,United States,"#N/A","#N/A","#N/A","#N/A",95014-2083,CA,1 Infinite Loop,"#N/A","#N/A",Sweetwine Car Service is the leader in Transportation in Cupertino,"#N/A","#N/A",Transportation,false,"#N/A",Wordtune,"#N/A","#N/A",1.408.996.1010,false,false,"#N/A",Never,false,true,"#N/A",Contract Based,Same,No,"#N/A","#N/A","#N/A","#N/A","#N/A","#N/A","#N/A","#N/A","#N/A","#N/A","#N/A",Prospect,"#N/A","#N/A","#N/A","#N/A","#N/A","#N/A",false,false,false,"#N/A",false,false
34358351-a3dd-4cbf-b704-5592c334f51a,"#N/A",1.03355E11,Palo Alto,United States,"#N/A","#N/A","#N/A","#N/A",94304-1126,CA,1501 Page Mill Rd,"#N/A","#N/A",Kumatsu Motors is the leader in Automotive in Palo Alto,"#N/A","#N/A",Automotive,false,"#N/A",Oodoo,"#N/A","#N/A",1.650.857.1501,false,false,"#N/A",Never,false,true,"#N/A",Contract Based,Same,No,Palo Alto,US,"#N/A","#N/A","#N/A",94303-0890,CA,P.O. BOX 10301,"#N/A","#N/A","#N/A",Customer,"#N/A","#N/A","#N/A","#N/A","#N/A","#N/A",false,false,false,"#N/A",false,false
35b76448-c462-4aba-bd37-c9458b62de7a,"#N/A","#N/A","#N/A","#N/A",billing@cedarpoint.com,"#N/A","#N/A","#N/A","#N/A",OH,"#N/A",1.0,"#N/A","#N/A","#N/A",0.0,Entertainment,false,"#N/A",Cedar Point,2600,"#N/A","#N/A",false,false,"#N/A",Never,false,true,"#N/A",Contract Based,Same,No,"#N/A","#N/A","#N/A","#N/A","#N/A","#N/A","#N/A","#N/A","#N/A",12-3456789,"#N/A",Customer,"#N/A","#N/A","#N/A","#N/A","#N/A","#N/A",false,false,false,"#N/A",false,false
376950b9-6649-4440-a8f2-e3e6d8431ebc,"#N/A",2.55815146E8,Annerley,Australia,"#N/A","#N/A","#N/A","#N/A",4103,QLD,10 Wingfield St,"#N/A","#N/A",Chez Quis is the leader in Retail in Annerley,"#N/A","#N/A",Retail,false,"#N/A",Rhycero,"#N/A","#N/A",(07) 6433 7486,false,false,"#N/A",Never,false,true,"#N/A",Contract Based,Same,No,Annerley,Australia,"#N/A","#N/A","#N/A",4103,QLD,10 Wingfield St,"#N/A","#N/A","#N/A",Customer,"#N/A","#N/A","#N/A","#N/A","#N/A","#N/A",false,false,false,"#N/A",false,false
3801daa2-f959-4117-92ae-3ed302377bdf,"#N/A",1.78663741E8,Canley Vale,Australia,"#N/A","#N/A","#N/A","#N/A",2166,NSW,66 Beckenham St,"#N/A","#N/A",Mr. Sparkle is the leader in Consulting in Canley Vale,"#N/A","#N/A",Consulting,false,"#N/A",Trudoo,"#N/A","#N/A",(02) 6548 7709,false,false,"#N/A",Never,false,true,"#N/A",Contract Based,Same,No,Canley Vale,Australia,"#N/A","#N/A","#N/A",2166,NSW,66 Beckenham St,"#N/A","#N/A","#N/A",Customer,"#N/A","#N/A","#N/A","#N/A","#N/A","#N/A",false,false,false,"#N/A",false,false
3bba1989-e4be-470b-86a7-aa395df7f40a,"#N/A","#N/A","#N/A","#N/A","#N/A","#N/A","#N/A","#N/A","#N/A","#N/A","#N/A","#N/A","#N/A","#N/A","#N/A","#N/A","#N/A",false,"#N/A",Sample Account for Entitlements,"#N/A","#N/A","#N/A",false,false,"#N/A",Never,false,false,"#N/A","#N/A",Same,No,"#N/A","#N/A","#N/A","#N/A","#N/A","#N/A","#N/A","#N/A","#N/A","#N/A","#N/A","#N/A","#N/A","#N/A","#N/A","#N/A","#N/A","#N/A",false,false,false,"#N/A",false,false
3caa8188-678e-41d3-957a-7390d5dac12d,"#N/A",3.7876E10,Bloomfield,United States,"#N/A","#N/A","#N/A","#N/A",06002-2920,CT,900 Cottage Grove Rd,"#N/A","#N/A",Trek Broadcasting is the leader in Media in Bloomfield,"#N/A","#N/A",Media,false,"#N/A",Quimm,"#N/A","#N/A",1.860.226.6000,false,false,"#N/A",Never,false,true,"#N/A",Contract Based,Same,No,"#N/A","#N/A","#N/A","#N/A","#N/A","#N/A","#N/A","#N/A","#N/A","#N/A","#N/A",Customer,"#N/A","#N/A","#N/A","#N/A","#N/A","#N/A",false,false,false,"#N/A",false,false
3de67c83-040e-4e3e-a3da-b352f73043e6,"#N/A",3.7864E10,Chicago,United States,"#N/A","#N/A","#N/A","#N/A",60606-7147,IL,233 S Wacker Dr,"#N/A","#N/A",Realia Home is the leader in Retail in Chicago,"#N/A","#N/A",Retail,false,"#N/A",Edgetag,"#N/A","#N/A",1.872.825.4000,false,false,"#N/A",Never,false,true,"#N/A",Contract Based,Same,No,"#N/A","#N/A","#N/A","#N/A","#N/A","#N/A","#N/A",29 Noalimba Cr,"#N/A","#N/A","#N/A",Prospect,"#N/A","#N/A","#N/A","#N/A","#N/A","#N/A",false,false,false,"#N/A",false,false
410e52c7-b9de-422c-8c64-c6476218130f,"#N/A",1.46231103E8,Kensington,Australia,"#N/A","#N/A","#N/A","#N/A",1465,NSW,4/81 Doncaster Av,"#N/A","#N/A",SB North is the leader in Healthcare in Kensington,"#N/A","#N/A",Healthcare,false,"#N/A",Quire,"#N/A","#N/A",(02) 6721 8929,false,false,"#N/A",Never,false,true,"#N/A",Contract Based,Same,No,Kensington,Australia,"#N/A","#N/A","#N/A",1465,NSW,4/81 Doncaster Av,"#N/A","#N/A","#N/A",Customer,"#N/A","#N/A","#N/A","#N/A","#N/A","#N/A",false,false,false,"#N/A",false,false
411dfba5-1824-41f5-ae7b-3f9f7e4d572d,"#N/A","#N/A",Broomfield,USA,"#N/A","#N/A","#N/A","#N/A",80020,Colorado,1234 Hilltop Road,"#N/A","#N/A",Rachel Adams is the leader in Healthcare in Broomfield,"#N/A","#N/A",Healthcare,false,"#N/A",Vimbo,"#N/A","#N/A","#N/A",false,false,"#N/A",Never,false,true,"#N/A",Contract Based,Same,No,"#N/A","#N/A","#N/A","#N/A","#N/A","#N/A","#N/A","#N/A","#N/A","#N/A","#N/A",Prospect,"#N/A","#N/A","#N/A","#N/A","#N/A","#N/A",false,false,false,"#N/A",false,false
42257c21-626b-4e88-801d-ece66b811ce1,"#N/A",1.4139579037E10,New York,United States,"#N/A","#N/A","#N/A","#N/A",10010-1655,NY,51 Madison Ave Bsmt 1b,"#N/A","#N/A",Athena Theraputics is the leader in Healthcare in New York,"#N/A","#N/A",Healthcare,false,"#N/A",Skimia,"#N/A","#N/A",1.212.576.7000,false,false,"#N/A",Never,false,true,"#N/A",Contract Based,Same,No,"#N/A","#N/A","#N/A","#N/A","#N/A","#N/A","#N/A","#N/A","#N/A","#N/A","#N/A",Prospect,"#N/A","#N/A","#N/A","#N/A","#N/A","#N/A",false,false,false,"#N/A",false,false
438a418c-876f-451f-8dca-10bd30b33323,"#N/A",2.88628E10,Moline,United States,"#N/A","#N/A","#N/A","#N/A",61265-8098,IL,1 John Deere Pl,"#N/A","#N/A",Fastforward Software is the leader in Technology in Moline,"#N/A","#N/A",Technology,false,"#N/A",Tazz,"#N/A","#N/A",1.309.765.8000,false,false,"#N/A",Never,false,true,"#N/A",Contract Based,Same,No,"#N/A","#N/A","#N/A","#N/A","#N/A","#N/A","#N/A","#N/A","#N/A","#N/A","#N/A",Customer,"#N/A","#N/A","#N/A","#N/A","#N/A","#N/A",false,false,false,"#N/A",false,false
45eeb4db-5154-4aa1-b120-5a2dbd0def2e,"#N/A",3.0601E10,Beaverton,United States,"#N/A","#N/A","#N/A","#N/A",97005-0979,OR,1 SW Bowerman Dr,"#N/A","#N/A",Gadgetron is the leader in Technology in Beaverton,"#N/A","#N/A",Technology,false,"#N/A",Topicshots,"#N/A","#N/A",1.503.671.6453,false,false,"#N/A",Never,false,true,"#N/A",Contract Based,Same,No,"#N/A","#N/A","#N/A","#N/A","#N/A","#N/A","#N/A","#N/A","#N/A","#N/A","#N/A",Prospect,"#N/A","#N/A","#N/A","#N/A","#N/A","#N/A",false,false,false,"#N/A",false,false
468f2883-a4a2-4df8-82ed-8d8228f9cd1e,"#N/A",2.87538616E8,Victoria Park,Australia,"#N/A","#N/A","#N/A","#N/A",6100,WA,27 Temple St,"#N/A","#N/A",LexCorp is the leader in Banking in Victoria Park,"#N/A","#N/A",Banking,false,"#N/A",Trilith,"#N/A","#N/A",(08) 7764 6096,false,false,"#N/A",Never,false,true,"#N/A",Contract Based,Same,No,Victoria Park,Australia,"#N/A","#N/A","#N/A",6100,WA,27 Temple St,"#N/A","#N/A","#N/A",Customer,"#N/A","#N/A","#N/A","#N/A","#N/A","#N/A",false,false,false,"#N/A",false,false
498fa26e-6e4e-4ace-b1f6-49f12603af85,"#N/A",7.2258E10,Findlay,United States,"#N/A","#N/A","#N/A","#N/A",45840-3229,OH,539 S Main St,"#N/A","#N/A",Claton Gardner Hospital is the leader in Healthcare in Findlay,"#N/A","#N/A",Healthcare,false,"#N/A",Topdrive,"#N/A","#N/A",1.419.422.2121,false,false,"#N/A",Never,false,true,"#N/A",Contract Based,Same,No,"#N/A","#N/A","#N/A","#N/A","#N/A","#N/A","#N/A","#N/A","#N/A","#N/A","#N/A",Prospect,"#N/A","#N/A","#N/A","#N/A","#N/A","#N/A",false,false,false,"#N/A",false,false
4b059cbc-eea8-45fc-8c37-fb4b1e2b0002,"#N/A","#N/A","#N/A","#N/A",accounting@ihg.com.invalid.invalid,"#N/A","#N/A","#N/A","#N/A","#N/A","#N/A",2950.0,"#N/A","#N/A","#N/A",3000.0,Hospitality,false,"#N/A",IHG Hotels & Resorts,9636,"#N/A","#N/A",false,false,"#N/A",Never,false,true,"#N/A",Contract Based,Same,No,"#N/A","#N/A","#N/A","#N/A","#N/A","#N/A","#N/A","#N/A","#N/A",73-6482303,"#N/A",Prospect,"#N/A","#N/A","#N/A","#N/A","#N/A","#N/A",false,false,false,"#N/A",false,false
4caef2a9-36d3-4605-aaa6-ad78903a9559,"#N/A",7.40417719E8,Paris,France,"#N/A","#N/A","#N/A","#N/A","#N/A","#N/A",75 Avenue de la Grande Armée,"#N/A","#N/A",Universal Export is the leader in Shipping,"#N/A","#N/A",Shipping,false,"#N/A",Talane,"#N/A","#N/A","#N/A",false,false,"#N/A",Never,false,true,"#N/A",Contract Based,Same,No,"#N/A","#N/A","#N/A","#N/A","#N/A","#N/A","#N/A","#N/A","#N/A","#N/A","#N/A",Customer,"#N/A","#N/A","#N/A","#N/A","#N/A","#N/A",false,false,false,"#N/A",false,false
4ea4dbe1-6a2e-400d-aaf6-7b16d3e4addd,"#N/A",5.0E7,Vancouver,Canada,"#N/A","#N/A","#N/A","#N/A","#N/A",BC,BC V6T 1A7,"#N/A","#N/A",Spade and Archer is the leader in Services in BC,"#N/A","#N/A",Services,false,"#N/A",Twitterwire,"#N/A","#N/A","#N/A",false,false,"#N/A",Never,false,true,"#N/A",Contract Based,Same,No,"#N/A","#N/A","#N/A","#N/A","#N/A","#N/A","#N/A","#N/A","#N/A","#N/A","#N/A",Customer,"#N/A","#N/A","#N/A","#N/A","#N/A","#N/A",false,false,false,"#N/A",false,false
4ed5c089-8727-49b0-a443-c6b31069938f,"#N/A",3.85068818E8,Cranbourne,Australia,"#N/A","#N/A","#N/A","#N/A",3977,VIC,40 Toirram Cr,"#N/A","#N/A",Monarch Playing Card Co. is the leader in Education in Cranbourne,"#N/A","#N/A",Education,false,"#N/A",Bubblemix,"#N/A","#N/A",(03) 7305 6379,false,false,"#N/A",Never,false,true,"#N/A",Contract Based,Same,No,Cranbourne,Australia,"#N/A","#N/A","#N/A",3977,VIC,40 Toirram Cr,"#N/A","#N/A","#N/A",Prospect,"#N/A","#N/A","#N/A","#N/A","#N/A","#N/A",false,false,false,"#N/A",false,false
50abb216-b7d6-499c-bb6e-6c1423b2a616,"#N/A",5.9074E10,Mooresville,United States,"#N/A","#N/A","#N/A","#N/A",28117-8520,NC,1000 Lowes Blvd,"#N/A","#N/A",Finley Companies is the leader in Consumer Goods in Mooresville,"#N/A","#N/A",Consumer Goods,false,"#N/A",Tazzy,"#N/A","#N/A",1.704.758.1000,false,false,"#N/A",Never,false,true,"#N/A",Contract Based,Same,No,Mooresville,US,"#N/A","#N/A","#N/A",28115-1000,NC,P.O. BOX 1000,"#N/A","#N/A","#N/A",Prospect,"#N/A","#N/A","#N/A","#N/A","#N/A","#N/A",false,false,false,"#N/A",false,false
52d6cf70-551d-41b4-84e8-9d84ee63d1be,"#N/A",2.55815146E8,Baden-Württemberg,Germany,"#N/A","#N/A","#N/A","#N/A","#N/A",Stuttgart,70173,"#N/A","#N/A",St Francis West Side is the leader in Healthcare in Baden-Württemberg,"#N/A","#N/A",Healthcare,false,"#N/A",Skaboo,"#N/A","#N/A","#N/A",false,false,"#N/A",Never,false,true,"#N/A",Contract Based,Same,No,"#N/A","#N/A","#N/A","#N/A","#N/A","#N/A","#N/A","#N/A","#N/A","#N/A","#N/A",Customer,"#N/A","#N/A","#N/A","#N/A","#N/A","#N/A",false,false,false,"#N/A",false,false
539fc471-59df-429a-b532-8bdfd5415e43,"#N/A",7.40417719E8,Fairfield,Australia,"#N/A","#N/A","#N/A","#N/A",4103,QLD,40 Archibald St,"#N/A","#N/A",Mooby Corp is the leader in Chemicals in Fairfield,"#N/A","#N/A",Chemicals,false,"#N/A",Skalith,"#N/A","#N/A",(07) 8503 6141,false,false,"#N/A",Never,false,true,"#N/A",Contract Based,Same,No,Fairfield,Australia,"#N/A","#N/A","#N/A",4103,QLD,40 Archibald St,"#N/A","#N/A","#N/A",Customer,"#N/A","#N/A","#N/A","#N/A","#N/A","#N/A",false,false,false,"#N/A",false,false
5cf9621d-300c-4ab0-a21c-29427ced97a5,"#N/A","#N/A",Broomfield,USA,"#N/A","#N/A","#N/A","#N/A",80020,Colorado,1234 Hilltop Road,"#N/A","#N/A",Adams Household is the leader in Healthcare in Broomfield,"#N/A","#N/A",Healthcare,false,"#N/A",Gabtune,"#N/A","#N/A",(720) 562-5896,false,false,"#N/A",Never,false,true,"#N/A",Contract Based,Same,No,"#N/A","#N/A","#N/A","#N/A","#N/A","#N/A","#N/A","#N/A","#N/A","#N/A","#N/A",Prospect,"#N/A","#N/A","#N/A","#N/A","#N/A","#N/A",false,false,false,"#N/A",false,false
5e218fe8-7150-425f-8959-0f571da748ca,"#N/A",4.15880303E8,Balaclava,Australia,"#N/A","#N/A","#N/A","#N/A",3183,VIC,5/5a The Avenue,"#N/A","#N/A",Praveen Kagalkar Hospital is the leader in Healthcare in Balaclava,"#N/A","#N/A",Healthcare,false,"#N/A",Babbleopia,"#N/A","#N/A",(03) 8569 6279,false,false,"#N/A",Never,false,true,"#N/A",Contract Based,Same,No,Balaclava,Australia,"#N/A","#N/A","#N/A",3183,VIC,5/5a The Avenue,"#N/A","#N/A","#N/A",Customer,"#N/A","#N/A","#N/A","#N/A","#N/A","#N/A",false,false,false,"#N/A",false,false
5e48640b-3dfc-4944-9437-1f3dc394c641,"#N/A",3308479.0,Sioux City,United States,"#N/A","#N/A","#N/A","#N/A",51105,OH,574 Duke Circle,"#N/A","#N/A","#N/A","#N/A","#N/A",Financial Services,false,"#N/A",Blogspan,"#N/A","#N/A","#N/A",false,false,"#N/A",Never,false,true,"#N/A",Contract Based,Same,No,"#N/A","#N/A","#N/A","#N/A","#N/A","#N/A","#N/A","#N/A","#N/A","#N/A","#N/A",Prospect,"#N/A","#N/A","#N/A","#N/A","#N/A","#N/A",false,false,false,"#N/A",false,false
5e4b108e-c82e-497a-8ff6-9f87e3ad61b8,"#N/A","#N/A","#N/A","#N/A",ap@sixflags.com,"#N/A","#N/A","#N/A","#N/A",TX,"#N/A",26.0,"#N/A","#N/A","#N/A",0.0,Entertainment,false,"#N/A",Six Flags Entertainment,"#N/A","#N/A","#N/A",false,false,"#N/A",Never,false,true,"#N/A",Contract Based,Same,No,"#N/A","#N/A","#N/A","#N/A","#N/A","#N/A","#N/A","#N/A","#N/A",12-3456789,"#N/A",Prospect,"#N/A","#N/A","#N/A","#N/A","#N/A","#N/A",false,false,false,"#N/A",false,false
5e93e5fe-0c50-4615-8bf6-39546b6cbfaf,"#N/A",4.528576E8,North Sydney,Australia,"#N/A","#N/A","#N/A","#N/A",2060,NSW,54 McLaren Street,"#N/A","#N/A",Demo Company is the leader in Consulting in North Sydney,"#N/A","#N/A",Consulting,false,"#N/A",Topiclounge,"#N/A","#N/A",(02) 8592 7342,false,false,"#N/A",Never,false,true,"#N/A",Contract Based,Same,No,North Sydney,Australia,"#N/A","#N/A","#N/A",2060,NSW,54 McLaren Street,"#N/A","#N/A","#N/A",Customer,"#N/A","#N/A","#N/A","#N/A","#N/A","#N/A",false,false,false,"#N/A",false,false
5fec6d31-0cec-472f-8092-650994f7426f,"#N/A",7.76395463E8,Paris,France,"#N/A","#N/A","#N/A","#N/A","#N/A",Paris,"16, bd des Italiens","#N/A","#N/A",SS South is the leader in Healthcare in Paris,"#N/A","#N/A",Healthcare,false,"#N/A",Voolia,"#N/A","#N/A","#N/A",false,false,"#N/A",Never,false,true,"#N/A",Contract Based,Same,No,"#N/A","#N/A","#N/A","#N/A","#N/A","#N/A","#N/A","#N/A","#N/A","#N/A","#N/A",Customer,"#N/A","#N/A","#N/A","#N/A","#N/A","#N/A",false,false,false,"#N/A",false,false
62c87a80-8595-43e4-a01a-8d4efdf42f5f,"#N/A",3.4441E10,New York,United States,"#N/A","#N/A","#N/A","#N/A",10285-0002,NY,200 Vesey St,"#N/A","#N/A",Walken Group is the leader in Consumer Goods in New York,"#N/A","#N/A",Consumer Goods,false,"#N/A",JumpXS,"#N/A","#N/A",1.212.640.2000,false,false,"#N/A",Never,false,true,"#N/A",Contract Based,Same,No,"#N/A","#N/A","#N/A","#N/A","#N/A","#N/A","#N/A","#N/A","#N/A","#N/A","#N/A",Prospect,"#N/A","#N/A","#N/A","#N/A","#N/A","#N/A",false,false,false,"#N/A",false,false
64668e53-9fb1-4bfb-aa43-80bba795a6de,"#N/A",4.099E10,Fort Worth,United States,"#N/A","#N/A","#N/A","#N/A",76155-2664,TX,4333 Amon Carter Blvd,"#N/A","#N/A",Primary Printing is the leader in Media in Fort Worth,"#N/A","#N/A",Media,false,"#N/A",Zazio,"#N/A","#N/A",1.817.963.1234,false,false,"#N/A",Never,false,true,"#N/A",Contract Based,Same,No,Dallas,US,"#N/A","#N/A","#N/A",75261-9616,TX,P.O. BOX 619616,"#N/A","#N/A","#N/A",Prospect,"#N/A","#N/A","#N/A","#N/A","#N/A","#N/A",false,false,false,"#N/A",false,false
6af2cd9d-45b2-4fdc-b828-ce1202fdd7d1,"#N/A",3.1469E10,Falls Church,United States,"#N/A","#N/A","#N/A","#N/A",22042,VA,2941 Frview Pk Dr Ste 100,"#N/A","#N/A",Keading Transportation Services is the leader in Transportation in Falls Church,"#N/A","#N/A",Transportation,false,"#N/A",Buzzshare,"#N/A",957b9bf5-b619-466b-8fce-d7fc114ab3b0,1.703.876.3000,false,false,"#N/A",Never,false,true,"#N/A",Contract Based,Same,No,"#N/A","#N/A","#N/A","#N/A","#N/A","#N/A","#N/A","#N/A","#N/A","#N/A","#N/A",Customer,"#N/A","#N/A","#N/A","#N/A","#N/A","#N/A",false,false,false,"#N/A",false,false
6bdb335e-1999-45f2-8a23-8fc946a880b5,"#N/A",1.46231103E8,Welwyn Garden City,United Kingdom,"#N/A","#N/A","#N/A","#N/A",AL7 1GA,"#N/A","Tesco House, Shire Park, Kestrel Way","#N/A","#N/A",Western Gas & Electric is the leader in Biotechnology,"#N/A","#N/A",Biotechnology,false,"#N/A",Meeveo,"#N/A","#N/A","#N/A",false,false,"#N/A",Never,false,true,"#N/A",Contract Based,Same,No,"#N/A","#N/A","#N/A","#N/A","#N/A","#N/A","#N/A","Tesco House, Shire Park, Kestrel Way","#N/A","#N/A","#N/A",Customer,"#N/A","#N/A","#N/A","#N/A","#N/A","#N/A",false,false,false,"#N/A",false,false
6c624039-ce09-4f57-8ba4-eb3fccade287,"#N/A",1.0E8,Mead,USA,billing@acme.com,"#N/A","#N/A","#N/A",31349,NY,10 Main Rd.,5.0,"#N/A","These are my notes, my only notes, my friend.",(212) 555-5555,0.0,Corporate Office,false,"#N/A",Acme,680,"#N/A",(212) 555-5570,false,false,"#N/A","#N/A",false,false,"#N/A","#N/A","#N/A","#N/A",New York,USA,"#N/A","#N/A","#N/A",31349,NY,10 Main Rd.,"#N/A",12-3456789,"#N/A",Prospect,www.acme.co,"#N/A","#N/A","#N/A","#N/A","#N/A",false,false,false,"#N/A",false,false
6dec60b7-7f75-40a5-b0bb-8e608fb05891,"#N/A",9.37328603E8,Kuraby,Australia,"#N/A","#N/A","#N/A","#N/A",4112,QLD,28 Besline St,"#N/A","#N/A",Leeding Engines Ltd. is the leader in Manufacturing in Kuraby,"#N/A","#N/A",Manufacturing,false,"#N/A",Lazzy,"#N/A","#N/A",(07) 6674 6703,false,false,"#N/A",Never,false,true,"#N/A",Contract Based,Same,No,Kuraby,Australia,"#N/A","#N/A","#N/A",4112,QLD,28 Besline St,"#N/A","#N/A","#N/A",Customer,"#N/A","#N/A","#N/A","#N/A","#N/A","#N/A",false,false,false,"#N/A",false,false
6e55185b-05e1-497f-b865-66135a444678,"#N/A",4.7011E10,Peoria,United States,"#N/A","#N/A","#N/A","#N/A",61629-0002,IL,100 Ne Adams St,"#N/A","#N/A",Carthage Automotive is the leader in Automotive in Peoria,"#N/A","#N/A",Automotive,false,"#N/A",Oloo,"#N/A","#N/A",1.309.675.1000,false,false,"#N/A",Never,false,true,"#N/A",Contract Based,Same,No,"#N/A","#N/A","#N/A","#N/A","#N/A","#N/A","#N/A","#N/A","#N/A","#N/A","#N/A",Customer,"#N/A","#N/A","#N/A","#N/A","#N/A","#N/A",false,false,false,"#N/A",false,false
6e9e4e46-cfe6-4cc2-9674-2214593afeaa,"#N/A",6.03365E10,Hartford,United States,"#N/A","#N/A","#N/A","#N/A",06156-0001,CT,151 Farmington Ave,"#N/A","#N/A",Initrode is the leader in Energy in Hartford,"#N/A","#N/A",Energy,false,"#N/A",Roomm,"#N/A","#N/A",1.860.273.0123,false,false,"#N/A",Never,false,true,"#N/A",Contract Based,Same,No,"#N/A","#N/A","#N/A","#N/A","#N/A","#N/A","#N/A","#N/A","#N/A","#N/A","#N/A",Prospect,"#N/A","#N/A","#N/A","#N/A","#N/A","#N/A",false,false,false,"#N/A",false,false
6f09e493-6a32-46d8-91f4-d1c1d0303a91,"#N/A",2.5146E10,Hoffman Estates,United States,"#N/A","#N/A","#N/A","#N/A",60179-0001,IL,3333 Beverly Rd,"#N/A","#N/A",SocialScaling is the leader in Communications in Hoffman Estates,"#N/A","#N/A",Communications,false,"#N/A",Jabbersphere,"#N/A","#N/A",1.847.286.2500,false,false,"#N/A",Never,false,true,"#N/A",Contract Based,Same,No,"#N/A","#N/A","#N/A","#N/A","#N/A","#N/A","#N/A","#N/A","#N/A","#N/A","#N/A",Customer,"#N/A","#N/A","#N/A","#N/A","#N/A","#N/A",false,false,false,"#N/A",false,false
710d6c62-80c6-4365-92a7-c606b322436a,"#N/A",2.89485471E8,Berlin,Germany,"#N/A","#N/A","#N/A","#N/A","#N/A",Berlin,1011 Centre Road,"#N/A","#N/A",Strickland Propane is the leader in Biotechnology in Berlin,"#N/A","#N/A",Biotechnology,false,"#N/A",Babblestorm,"#N/A","#N/A","#N/A",false,false,"#N/A",Never,false,true,"#N/A",Contract Based,Same,No,"#N/A","#N/A","#N/A","#N/A","#N/A","#N/A","#N/A","#N/A","#N/A","#N/A","#N/A",Prospect,"#N/A","#N/A","#N/A","#N/A","#N/A","#N/A",false,false,false,"#N/A",false,false
71380217-6fe7-4fae-bf50-646258373013,"#N/A",3.9208E10,New York,United States,"#N/A","#N/A","#N/A","#N/A",10282-2198,NY,200 West St Bldg 200,"#N/A","#N/A","Voltronics, Inc. is the leader in Energy in New York","#N/A","#N/A",Energy,false,"#N/A",Buzzbean,"#N/A","#N/A",1.212.902.1000,false,false,"#N/A",Never,false,true,"#N/A",Contract Based,Same,No,"#N/A","#N/A","#N/A","#N/A","#N/A","#N/A","#N/A","#N/A","#N/A","#N/A","#N/A",Prospect,"#N/A","#N/A","#N/A","#N/A","#N/A","#N/A",false,false,false,"#N/A",false,false
753729ad-ce94-42e7-a9c6-96abd274e1f9,"#N/A","#N/A",San Francisco,USA,ap@salesforce.com,"#N/A","#N/A","#N/A",94105,CA,"The Landmark @ One Market, Suite 300",33.0,"#N/A","Founded in March 1999, salesforce.com (http://www.salesforce.com) builds and delivers customer relationship management (CRM) applications as scalable online services. The salesforce.com product suite - Team Edition, Professional Edition, Enterprise Edition, Wireless Edition and Offline Edition - gives companies of all sizes a complete 360-degree view of the customer. The company's award-winning CRM solutions provide integrated online sales force automation, customer service and support management, and marketing automation applications to help companies meet the complex challenges of global customer communication. Salesforce.com has received considerable recognition in the industry, including Editors' Choice and two Five-Star ratings from PC Magazine, two Deploy Awards from InfoWorld, Red Herring 100, Upside Hot 100, Investor's Choice Award from Enterprise Outlook, Editors' Choice from TMCLabs, Top 10 CRM Implementation from Aberdeen Group, and InfoWorld's 2001 CRM Technology of the Year. Founded in 1999, salesforce.com is headquartered in San Francisco, with offices in Europe and Asia.",(415) 901-7040,0.0,Corporate Office,false,"#N/A",salesforce.com,"#N/A","#N/A",(415) 901-7000,false,false,"#N/A","#N/A",false,false,"#N/A","#N/A","#N/A","#N/A",San Francisco,USA,"#N/A","#N/A","#N/A",94105,CA,"The Landmark @ One Market, Suite 300","#N/A",12-3456789,"#N/A",Prospect,http://www.salesforce.com,"#N/A","#N/A","#N/A","#N/A","#N/A",false,false,false,"#N/A",false,false
755bc092-0d33-4c7b-be65-7dc9ec458766,"#N/A",2.21928169E8,Kingsgrove,Australia,"#N/A","#N/A","#N/A","#N/A",1480,NSW,23 Lundy Av,"#N/A","#N/A",Spacely Sprockets is the leader in Technology in Kingsgrove,"#N/A","#N/A",Technology,false,"#N/A",Aibox,"#N/A",6af2cd9d-45b2-4fdc-b828-ce1202fdd7d1,(02) 6082 8265,false,false,"#N/A",Never,false,true,"#N/A",Contract Based,Same,No,Kingsgrove,Australia,"#N/A","#N/A","#N/A",1480,NSW,23 Lundy Av,"#N/A","#N/A","#N/A",Customer,"#N/A","#N/A","#N/A","#N/A","#N/A","#N/A",false,false,false,"#N/A",false,false
75d0e60f-b11c-476f-89e3-bcd2c10821fa,"#N/A",8.4202995E8,Mitchelton,Australia,"#N/A","#N/A","#N/A","#N/A",4053,QLD,34 Frasers Rd,"#N/A","#N/A",Christian Lavendar Hospital is the leader in Healthcare in Mitchelton,"#N/A","#N/A",Healthcare,false,"#N/A",Viva,"#N/A","#N/A",(07) 8057 8902,false,false,"#N/A",Never,false,true,"#N/A",Contract Based,Same,No,Mitchelton,Australia,"#N/A","#N/A","#N/A",4053,QLD,34 Frasers Rd,"#N/A","#N/A","#N/A",Customer,"#N/A","#N/A","#N/A","#N/A","#N/A","#N/A",false,false,false,"#N/A",false,false
78cc2f2d-2bcc-4ecb-b4b1-0a361cebb1d5,"#N/A","#N/A","#N/A","#N/A",billing@amc.com,"#N/A","#N/A","#N/A","#N/A","#N/A","#N/A",978.0,"#N/A","#N/A","#N/A",0.0,Entertainment,false,"#N/A",AMC Entertainment,4408,"#N/A","#N/A",false,false,"#N/A",Never,false,true,"#N/A",Contract Based,Same,No,"#N/A","#N/A","#N/A","#N/A","#N/A","#N/A","#N/A","#N/A","#N/A",12-3456789,"#N/A",Customer,"#N/A","#N/A","#N/A","#N/A","#N/A","#N/A",false,false,false,"#N/A",false,false
7a0e2bbb-2712-4df7-be88-17d204a2a3c8,"#N/A",1.35962E11,Chesterbrook,United States,"#N/A","#N/A","#N/A","#N/A",19087-5594,PA,1300 Morris Dr Ste 100,"#N/A","#N/A",Apogee Corp. is the leader in Manufacturing in Chesterbrook,"#N/A","#N/A",Manufacturing,false,"#N/A",Divavu,"#N/A","#N/A",1.610.727.7000,false,false,"#N/A",Never,false,true,"#N/A",Contract Based,Same,No,Valley Forge,US,"#N/A","#N/A","#N/A",19482-0959,PA,P.O. BOX 959,"#N/A","#N/A","#N/A",Customer,"#N/A","#N/A","#N/A","#N/A","#N/A","#N/A",false,false,false,"#N/A",false,false
7be5788b-b87b-480f-88a1-fd966ade7ac6,"#N/A",2.9636E10,Deerfield,United States,"#N/A","#N/A","#N/A","#N/A",60015-2565,IL,3 Parkway N Ste 300,"#N/A","#N/A",SWD Logistics is the leader in Transportation in Deerfield,"#N/A","#N/A",Transportation,false,"#N/A",Dynava,"#N/A","#N/A",1.847.943.4000,false,false,"#N/A",Never,false,true,"#N/A",Contract Based,Same,No,"#N/A","#N/A","#N/A","#N/A","#N/A","#N/A","#N/A",23 Lundy Av,"#N/A","#N/A","#N/A",Prospect,"#N/A","#N/A","#N/A","#N/A","#N/A","#N/A",false,false,false,"#N/A",false,false
7cdc7de7-12ab-47c6-b059-3d44c9b94cee,"#N/A",2.8987E10,New York,United States,"#N/A","#N/A","#N/A","#N/A",10036-8701,NY,1211 Ave of The Americas,"#N/A","#N/A",Enginomics is the leader in Automotive in New York,"#N/A","#N/A",Automotive,false,"#N/A",Twiyo,"#N/A","#N/A",1.212.852.7000,false,false,"#N/A",Never,false,true,"#N/A",Contract Based,Same,No,"#N/A","#N/A","#N/A","#N/A","#N/A","#N/A","#N/A",178 Campbell Parade,"#N/A","#N/A","#N/A",Customer,"#N/A","#N/A","#N/A","#N/A","#N/A","#N/A",false,false,false,"#N/A",false,false
7e0cf815-fe66-4847-a9e2-d8aa46f5751e,"#N/A",2.0845725E7,Cincinnati,United States,"#N/A","#N/A","#N/A","#N/A",45271,OH,08697 Ryan Junction,"#N/A","#N/A","#N/A","#N/A","#N/A",Construction,false,"#N/A",Oyonder,"#N/A","#N/A","#N/A",false,false,"#N/A",Never,false,true,"#N/A",Contract Based,Same,No,"#N/A","#N/A","#N/A","#N/A","#N/A","#N/A","#N/A","#N/A","#N/A","#N/A","#N/A",Prospect,"#N/A","#N/A","#N/A","#N/A","#N/A","#N/A",false,false,false,"#N/A",false,false
7f2551b2-699d-48db-8080-6acc33b78454,"#N/A",5.73645303E8,Melbourne,Australia,"#N/A","#N/A","#N/A","#N/A",3004,VIC,348 St Kilda Road,"#N/A","#N/A",Globex Corporation is the leader in Food & Beverage in Melbourne,"#N/A","#N/A",Food & Beverage,false,"#N/A",Bluejam,"#N/A","#N/A",(03) 7876 8876,false,false,"#N/A",Never,false,true,"#N/A",Contract Based,Same,No,Melbourne,Australia,"#N/A","#N/A","#N/A",3004,VIC,348 St Kilda Road,"#N/A","#N/A","#N/A",Customer,"#N/A","#N/A","#N/A","#N/A","#N/A","#N/A",false,false,false,"#N/A",false,false
801c3650-d8d4-4b39-a851-457cab98dead,"#N/A",4.4294E10,Atlanta,United States,"#N/A","#N/A","#N/A","#N/A",30313-2499,GA,1 Coca Cola Plz NW,"#N/A","#N/A",Transworld Consortium is the leader in Energy in Atlanta,"#N/A","#N/A",Energy,false,"#N/A",Thoughtmix,"#N/A","#N/A",1.404.676.2121,false,false,"#N/A",Never,false,true,"#N/A",Contract Based,Same,No,Atlanta,US,"#N/A","#N/A","#N/A",30301-1734,GA,P.O. BOX 1734,"#N/A","#N/A","#N/A",Customer,"#N/A","#N/A","#N/A","#N/A","#N/A","#N/A",false,false,false,"#N/A",false,false
8035157a-f978-48f6-8c61-ef31542d6807,"#N/A",1222212.0,Indianapolis,United States,"#N/A","#N/A","#N/A","#N/A",46202,IN,71 Miller Hill,"#N/A","#N/A","#N/A","#N/A","#N/A",Utilities,false,"#N/A",Jabbertype,"#N/A","#N/A","#N/A",false,false,"#N/A",Never,false,true,"#N/A",Contract Based,Same,No,"#N/A","#N/A","#N/A","#N/A","#N/A","#N/A","#N/A","#N/A","#N/A","#N/A","#N/A",Prospect,"#N/A","#N/A","#N/A","#N/A","#N/A","#N/A",false,false,false,"#N/A",false,false
809a7c29-0134-4501-8765-9e3068a46055,"#N/A",7.4989E10,Mountain View,United States,"#N/A","#N/A","#N/A","#N/A",94043-1351,CA,1600 Amphitheatre Pkwy,"#N/A","#N/A",Roxxon is the leader in Retail in Mountain View,"#N/A","#N/A",Retail,false,"#N/A",Fatz,"#N/A","#N/A",1.650.253.0000,false,false,"#N/A",Never,false,true,"#N/A",Contract Based,Same,No,"#N/A","#N/A","#N/A","#N/A","#N/A","#N/A","#N/A","#N/A","#N/A","#N/A","#N/A",Customer,"#N/A","#N/A","#N/A","#N/A","#N/A","#N/A",false,false,false,"#N/A",false,false
8387b2ff-2279-48b7-b907-dde12c7a1f3d,"#N/A",7.6279E10,Cincinnati,United States,"#N/A","#N/A","#N/A","#N/A",45202-3393,OH,1 Procter and Gamble Plz,"#N/A","#N/A",ADM Goods is the leader in Consumer Goods in Cincinnati,"#N/A","#N/A",Consumer Goods,false,"#N/A",Voonix,"#N/A","#N/A",1.513.983.1100,false,false,"#N/A",Never,false,true,"#N/A",Contract Based,Same,No,Cincinnati,US,"#N/A","#N/A","#N/A",45201-0599,OH,P.O. BOX 599,"#N/A","#N/A","#N/A",Customer,"#N/A","#N/A","#N/A","#N/A","#N/A","#N/A",false,false,false,"#N/A",false,false
83f11b7d-7308-447d-8fd3-a9cd4494668b,"#N/A",3.7897E10,New York,United States,"#N/A","#N/A","#N/A","#N/A",10036-8200,NY,1585 Broadway,"#N/A","#N/A","Clearcoat, LLC is the leader in Automotive in New York","#N/A","#N/A",Automotive,false,"#N/A",Dazzlesphere,"#N/A","#N/A",1.212.761.4000,false,false,"#N/A",Never,false,true,"#N/A",Contract Based,Same,No,"#N/A","#N/A","#N/A","#N/A","#N/A","#N/A","#N/A",200 George Street,"#N/A","#N/A","#N/A",Prospect,"#N/A","#N/A","#N/A","#N/A","#N/A","#N/A",false,false,false,"#N/A",false,false
85f469cc-f92e-484e-ad37-271f11f1f417,"#N/A",2.8711E10,San Antonio,United States,"#N/A","#N/A","#N/A","#N/A",78259-1834,TX,19100 Ridgewood Pkwy,"#N/A","#N/A",General Products is the leader in Consumer Goods in San Antonio,"#N/A","#N/A",Consumer Goods,false,"#N/A",Pixoboo,"#N/A","#N/A",1.210.626.6000,false,false,"#N/A",Never,false,true,"#N/A",Contract Based,Same,No,Cary,US,"#N/A","#N/A","#N/A",27512-8016,NC,P.O. BOX 8016,"#N/A","#N/A","#N/A",Customer,"#N/A","#N/A","#N/A","#N/A","#N/A","#N/A",false,false,false,"#N/A",false,false
866beba2-4413-498a-bf47-63cbb9d5bb48,"#N/A",1.02531E11,Dublin,United States,"#N/A","#N/A","#N/A","#N/A",43017-1091,OH,7000 Cardinal Pl,"#N/A","#N/A",Sombra Corporation is the leader in Construction in Dublin,"#N/A","#N/A",Construction,false,"#N/A",Eazzy,"#N/A","#N/A",1.614.757.5000,false,false,"#N/A",Never,false,true,"#N/A",Contract Based,Same,No,"#N/A","#N/A","#N/A","#N/A","#N/A","#N/A","#N/A","#N/A","#N/A","#N/A","#N/A",Prospect,"#N/A","#N/A","#N/A","#N/A","#N/A","#N/A",false,false,false,"#N/A",false,false
8935e75f-d5c0-4863-ab47-e2a17be1cb9d,"#N/A",4.9892102E7,Balgowlah,Australia,"#N/A","#N/A","#N/A","#N/A",2093,NSW,2/11 Boyle St,"#N/A","#N/A",Smith and Co. is the leader in Transportation in Balgowlah,"#N/A","#N/A",Transportation,false,"#N/A",Kimia,"#N/A","#N/A",(02) 6512 8801,false,false,"#N/A",Never,false,true,"#N/A",Contract Based,Same,No,Balgowlah,Australia,"#N/A","#N/A","#N/A",2093,NSW,2/11 Boyle St,"#N/A","#N/A","#N/A",Customer,"#N/A","#N/A","#N/A","#N/A","#N/A","#N/A",false,false,false,"#N/A",false,false
8a398a6c-75ea-42a5-8f06-b4f29da62562,"#N/A",4.8851E10,New York,United States,"#N/A","#N/A","#N/A","#N/A",10017-5703,NY,235 E 42nd St,"#N/A","#N/A",Procurabl Holdings Inc. is the leader in Manufacturing in New York,"#N/A","#N/A",Manufacturing,false,"#N/A",Mybuzz,"#N/A","#N/A",1.212.733.2323,false,false,"#N/A",Never,false,true,"#N/A",Contract Based,Same,No,"#N/A","#N/A","#N/A","#N/A","#N/A","#N/A","#N/A","#N/A","#N/A","#N/A","#N/A",Customer,"#N/A","#N/A","#N/A","#N/A","#N/A","#N/A",false,false,false,"#N/A",false,false
8adf166c-69f7-46f7-b1af-f2cce9ef2b17,"#N/A","#N/A","#N/A","#N/A",accounting@regal.com,"#N/A","#N/A","#N/A","#N/A","#N/A","#N/A",549.0,"#N/A","#N/A","#N/A",0.0,Entertainment,false,"#N/A",Regal Cinemas,"#N/A","#N/A","#N/A",false,false,"#N/A",Never,false,true,"#N/A",Contract Based,Same,No,"#N/A","#N/A","#N/A","#N/A","#N/A","#N/A","#N/A","#N/A","#N/A",12-3456789,"#N/A",Customer,"#N/A","#N/A","#N/A","#N/A","#N/A","#N/A",false,false,false,"#N/A",false,false
8b1ce99a-f3e0-4d57-b0a2-da6baaac12db,"#N/A",6.3491E10,Mc Lean,United States,"#N/A","#N/A","#N/A","#N/A",22102-3107,VA,8200 Jones Branch Dr,"#N/A","#N/A",Decorum Interior Design is the leader in Hospitality in Mc Lean,"#N/A","#N/A",Hospitality,false,"#N/A",Tagtune,"#N/A","#N/A",1.703.903.2000,false,false,"#N/A",Never,false,true,"#N/A",Contract Based,Same,No,"#N/A","#N/A","#N/A","#N/A","#N/A","#N/A","#N/A","#N/A","#N/A","#N/A","#N/A",Customer,"#N/A","#N/A","#N/A","#N/A","#N/A","#N/A",false,false,false,"#N/A",false,false
8b2cc1c3-f908-49e8-97b7-b51196b3aa98,"#N/A","#N/A","#N/A","#N/A",ap@hyatt.com.invalid.invalid,"#N/A","#N/A","#N/A","#N/A","#N/A","#N/A",518.0,"#N/A","#N/A","#N/A",378.0,Hospitality,false,"#N/A",Hyatt Hotels Corporation,100000,"#N/A","#N/A",false,false,"#N/A",Never,false,true,"#N/A",Contract Based,Same,No,"#N/A","#N/A","#N/A","#N/A","#N/A","#N/A","#N/A","#N/A","#N/A",82-1533604,"#N/A",Prospect,"#N/A","#N/A","#N/A","#N/A","#N/A","#N/A",false,false,false,"#N/A",false,false
8d20fc37-4127-4e68-a46f-f01ea0597ce2,"#N/A",1.03444E11,Deerfield,United States,"#N/A","#N/A","#N/A","#N/A",60015-5145,IL,108 Wilmot Rd,"#N/A","#N/A","Civic Wealth, Inc. is the leader in Financial Services in Deerfield","#N/A","#N/A",Financial Services,false,"#N/A",Mydo,"#N/A","#N/A",1.847.315.2500,false,false,"#N/A",Never,false,true,"#N/A",Contract Based,Same,No,"#N/A","#N/A","#N/A","#N/A","#N/A","#N/A","#N/A",200 George Street,"#N/A","#N/A","#N/A",Customer,"#N/A","#N/A","#N/A","#N/A","#N/A","#N/A",false,false,false,"#N/A",false,false
8dcb3cf5-ee59-4c31-8afe-c72bb7ae8ae3,"#N/A",2.4638374E7,San Jose,United States,"#N/A","#N/A","#N/A","#N/A",95113,CA,5565 Maple Wood Street,"#N/A","#N/A","#N/A","#N/A","#N/A",Retail,false,"#N/A",Browsezoom,"#N/A","#N/A","#N/A",false,false,"#N/A",Never,false,true,"#N/A",Contract Based,Same,No,"#N/A","#N/A","#N/A","#N/A","#N/A","#N/A","#N/A","#N/A","#N/A","#N/A","#N/A",Prospect,"#N/A","#N/A","#N/A","#N/A","#N/A","#N/A",false,false,false,"#N/A",false,false
902e31d1-9918-4ff5-8b86-bd5f8f4448af,"#N/A",1.5566896E7,Flushing,United States,"#N/A","#N/A","#N/A","#N/A",11355,NY,066 Grayhawk Road,"#N/A","#N/A","#N/A","#N/A","#N/A",Utilities,false,"#N/A",Wordware,"#N/A","#N/A","#N/A",false,false,"#N/A",Never,false,true,"#N/A",Contract Based,Same,No,"#N/A","#N/A","#N/A","#N/A","#N/A","#N/A","#N/A","#N/A","#N/A","#N/A","#N/A",Prospect,"#N/A","#N/A","#N/A","#N/A","#N/A","#N/A",false,false,false,"#N/A",false,false
906989b6-d4e8-4482-b2df-7066a0403f99,"#N/A",7.58251458E8,Seattle,USA,"#N/A","#N/A","#N/A","#N/A","#N/A",WA,1483 Alaskan Way,"#N/A","#N/A",Susannah St-Germain Hospital is the leader in Healthcare in Seattle,"#N/A","#N/A",Healthcare,false,"#N/A",Yakitri,"#N/A","#N/A",(555) 561-5555,false,false,"#N/A",Never,false,true,"#N/A",Contract Based,Same,No,"#N/A","#N/A","#N/A","#N/A","#N/A","#N/A","#N/A","#N/A","#N/A","#N/A","#N/A",Customer,"#N/A","#N/A","#N/A","#N/A","#N/A","#N/A",false,false,false,"#N/A",false,false
909a73a5-6469-41d3-bca4-2970c688c788,"#N/A",6.3056E10,Purchase,United States,"#N/A","#N/A","#N/A","#N/A",10577-1444,NY,700 Anderson Hill Rd,"#N/A","#N/A",General Services Corporation is the leader in Hospitality in Purchase,"#N/A","#N/A",Hospitality,false,"#N/A",Yamia,"#N/A","#N/A",1.914.253.2000,false,false,"#N/A",Never,false,true,"#N/A",Contract Based,Same,No,"#N/A","#N/A","#N/A","#N/A","#N/A","#N/A","#N/A","#N/A","#N/A","#N/A","#N/A",Prospect,"#N/A","#N/A","#N/A","#N/A","#N/A","#N/A",false,false,false,"#N/A",false,false
90c17308-dd04-4d27-ba07-2043e772f31e,"#N/A",5.6873066E8,Bondi,Australia,"#N/A","#N/A","#N/A","#N/A",2026,NSW,178 Campbell Parade,"#N/A","#N/A",Danielle Bogartz Hospital is the leader in Healthcare in Bondi,"#N/A","#N/A",Healthcare,false,"#N/A",Oyoba,"#N/A","#N/A",(02) 7198 7098,false,false,"#N/A",Never,false,true,"#N/A",Contract Based,Same,No,Bondi,Australia,"#N/A","#N/A","#N/A",2026,NSW,178 Campbell Parade,"#N/A","#N/A","#N/A",Customer,"#N/A","#N/A","#N/A","#N/A","#N/A","#N/A",false,false,false,"#N/A",false,false
929614ff-c622-499b-8a68-d7f111eec76d,"#N/A",1.01006E11,New York,United States,"#N/A","#N/A","#N/A","#N/A",10017-2014,NY,270 Park Ave,"#N/A","#N/A",Human Rights Defense Fund is the leader in Non Profit in New York,"#N/A","#N/A",Non Profit,false,"#N/A",Jetpulse,"#N/A","#N/A",1.212.270.6000,false,false,"#N/A",Never,false,true,"#N/A",Contract Based,Same,No,"#N/A","#N/A","#N/A","#N/A","#N/A","#N/A","#N/A","#N/A","#N/A","#N/A","#N/A",Customer,"#N/A","#N/A","#N/A","#N/A","#N/A","#N/A",false,false,false,"#N/A",false,false
92dca97c-7716-40c3-9f03-2a7507dd733b,"#N/A",3.46761E10,New York,United States,"#N/A","#N/A","#N/A","#N/A",10017-4108,NY,708 3rd Ave Rm 1500,"#N/A","#N/A",First Response Relief Services is the leader in Non Profit in New York,"#N/A","#N/A",Non Profit,false,"#N/A",Browsetype,"#N/A","#N/A",1.212.485.3500,false,false,"#N/A",Never,false,true,"#N/A",Contract Based,Same,No,"#N/A","#N/A","#N/A","#N/A","#N/A","#N/A","#N/A",708 3rd Ave Rm 1500,"#N/A","#N/A","#N/A",Customer,"#N/A","#N/A","#N/A","#N/A","#N/A","#N/A",false,false,false,"#N/A",false,false
936cad65-ab58-4988-ab3d-95ba9d99c222,"#N/A",7.70881668E8,Melbourne,Australia,"#N/A","#N/A","#N/A","#N/A",3000,VIC,45 Spring Street,"#N/A","#N/A",Globo Gym American Corp is the leader in Hospitality in Melbourne,"#N/A","#N/A",Hospitality,false,"#N/A",Devcast,"#N/A","#N/A",(03) 8426 7995,false,false,"#N/A",Never,false,true,"#N/A",Contract Based,Same,No,Melbourne,Australia,"#N/A","#N/A","#N/A",3000,VIC,45 Spring Street,"#N/A","#N/A","#N/A",Customer,"#N/A","#N/A","#N/A","#N/A","#N/A","#N/A",false,false,false,"#N/A",false,false
943e4f51-4cb0-4e29-8f1f-9b9f59de220f,"#N/A",3.45972597E8,Wahroonga,Australia,"#N/A","#N/A","#N/A","#N/A",2076,NSW,3 Myra St,"#N/A","#N/A",Nordyne Defense Dynamics is the leader in Technology in Wahroonga,"#N/A","#N/A",Technology,false,"#N/A",Thoughtstorm,"#N/A","#N/A",(02) 7820 8765,false,false,"#N/A",Never,false,true,"#N/A",Contract Based,Same,No,Wahroonga,Australia,"#N/A","#N/A","#N/A",2076,NSW,3 Myra St,"#N/A","#N/A","#N/A",Customer,"#N/A","#N/A","#N/A","#N/A","#N/A","#N/A",false,false,false,"#N/A",false,false
9446991c-b83f-4fe9-9a8d-13aea6ae111f,"#N/A",2.9588767E7,New Bedford,United States,"#N/A","#N/A","#N/A","#N/A",2745,MA,53 Park Meadow Pass,"#N/A","#N/A","#N/A","#N/A","#N/A",Insurance,false,"#N/A",Realblab,"#N/A","#N/A","#N/A",false,false,"#N/A",Never,false,true,"#N/A",Contract Based,Same,No,"#N/A","#N/A","#N/A","#N/A","#N/A","#N/A","#N/A","#N/A","#N/A","#N/A","#N/A",Prospect,"#N/A","#N/A","#N/A","#N/A","#N/A","#N/A",false,false,false,"#N/A",false,false
94489879-3e39-405e-97ee-314269e20b3e,"#N/A",5.29570951E8,Ballan,Australia,"#N/A","#N/A","#N/A","#N/A",3342,VIC,18 McMahon Dr,"#N/A","#N/A",Minuteman Cafe is the leader in Apparel in Ballan,"#N/A","#N/A",Apparel,false,"#N/A",Agimba,"#N/A","#N/A",(03) 8664 6673,false,false,"#N/A",Never,false,true,"#N/A",Contract Based,Same,No,Ballan,Australia,"#N/A","#N/A","#N/A",3342,VIC,18 McMahon Dr,"#N/A","#N/A","#N/A",Customer,"#N/A","#N/A","#N/A","#N/A","#N/A","#N/A",false,false,false,"#N/A",false,false
945a6aa7-e42c-425f-a537-a2288edcf796,"#N/A","#N/A","#N/A","#N/A",ap@universal.com,"#N/A","#N/A","#N/A","#N/A","#N/A","#N/A",4.0,"#N/A","#N/A","#N/A",0.0,Entertainment,false,"#N/A",Universal Studios,"#N/A","#N/A","#N/A",false,false,"#N/A",Never,false,true,"#N/A",Contract Based,Same,No,"#N/A","#N/A","#N/A","#N/A","#N/A","#N/A","#N/A","#N/A","#N/A",12-3456789,"#N/A",Prospect,"#N/A","#N/A","#N/A","#N/A","#N/A","#N/A",false,false,false,"#N/A",false,false
94f3025f-dca1-4df8-b7ec-9dda966e228d,"#N/A",9.05588171E8,Lansvale,Australia,"#N/A","#N/A","#N/A","#N/A",2166,NSW,4 Riverside Rd,"#N/A","#N/A",Sixty Second Avenue is the leader in Agriculture in Lansvale,"#N/A","#N/A",Agriculture,false,"#N/A",Zoomlounge,"#N/A","#N/A",(02) 6837 7271,false,false,"#N/A",Never,false,true,"#N/A",Contract Based,Same,No,Lansvale,Australia,"#N/A","#N/A","#N/A",2166,NSW,4 Riverside Rd,"#N/A","#N/A","#N/A",Customer,"#N/A","#N/A","#N/A","#N/A","#N/A","#N/A",false,false,false,"#N/A",false,false
957b9bf5-b619-466b-8fce-d7fc114ab3b0,"#N/A",4.528576E8,Paris,France,"#N/A","#N/A","#N/A","#N/A","#N/A","#N/A",75010,"#N/A","#N/A",Trevor Ferrin Hospital is the leader in Healthcare,"#N/A","#N/A",Healthcare,false,"#N/A",Yakidoo,"#N/A","#N/A","#N/A",false,false,"#N/A",Never,false,true,"#N/A",Contract Based,Same,No,"#N/A","#N/A","#N/A","#N/A","#N/A","#N/A","#N/A","#N/A","#N/A","#N/A","#N/A",Customer,"#N/A","#N/A","#N/A","#N/A","#N/A","#N/A",false,false,false,"#N/A",false,false
961b9f89-59dc-4218-a555-f62a832bad7f,"#N/A",3.02983857E8,Bateman,Australia,"#N/A","#N/A","#N/A","#N/A",6150,WA,29 Noalimba Cr,"#N/A","#N/A",North Central Positronics is the leader in Energy in Bateman,"#N/A","#N/A",Energy,false,"#N/A",Kayveo,"#N/A","#N/A",(08) 7367 7550,false,false,"#N/A",Never,false,true,"#N/A",Contract Based,Same,No,Bateman,Australia,"#N/A","#N/A","#N/A",6150,WA,29 Noalimba Cr,"#N/A","#N/A","#N/A",Customer,"#N/A","#N/A","#N/A","#N/A","#N/A","#N/A",false,false,false,"#N/A",false,false
963fa712-67b9-41b5-8bea-59b24f9df95e,"#N/A",5.0687142E10,Bloomington,United States,"#N/A","#N/A","#N/A","#N/A",61710-0001,IL,1 State Farm Plz,"#N/A","#N/A",Delphi Energy is the leader in Energy in Bloomington,"#N/A","#N/A",Energy,false,"#N/A",Pixonyx,"#N/A","#N/A",1.309.766.2311,false,false,"#N/A",Never,false,true,"#N/A",Contract Based,Same,No,"#N/A","#N/A","#N/A","#N/A","#N/A","#N/A","#N/A","#N/A","#N/A","#N/A","#N/A",Prospect,"#N/A","#N/A","#N/A","#N/A","#N/A","#N/A",false,false,false,"#N/A",false,false
99b9aa65-92da-4d12-bdff-f1a2cf8a2923,"#N/A",1.27207233E8,Warradale,Australia,"#N/A","#N/A","#N/A","#N/A",5046,SA,140 Diagonal Rd,"#N/A","#N/A",Charles Townsend Agency is the leader in Apparel in Warradale,"#N/A","#N/A",Apparel,false,"#N/A",Gabcube,"#N/A","#N/A",(08) 8985 7724,false,false,"#N/A",Never,false,true,"#N/A",Contract Based,Same,No,Warradale,Australia,"#N/A","#N/A","#N/A",5046,SA,140 Diagonal Rd,"#N/A","#N/A","#N/A",Customer,"#N/A","#N/A","#N/A","#N/A","#N/A","#N/A",false,false,false,"#N/A",false,false
9d558da1-1efe-4f2d-8da5-8a3496d78d5b,"#N/A",8.7804E10,San Antonio,United States,"#N/A","#N/A","#N/A","#N/A",78249-1616,TX,1 Valero Way,"#N/A","#N/A",Feed the Kids is the leader in Non Profit in San Antonio,"#N/A","#N/A",Non Profit,false,"#N/A",Feedbug,"#N/A","#N/A",1.210.345.2000,false,false,"#N/A",Never,false,true,"#N/A",Contract Based,Same,No,San Antonio,US,"#N/A","#N/A","#N/A",78269-6000,TX,P.O. BOX 696000,"#N/A","#N/A","#N/A",Prospect,"#N/A","#N/A","#N/A","#N/A","#N/A","#N/A",false,false,false,"#N/A",false,false
9f4912b3-ba3b-4f83-974f-45bba4522112,"#N/A",5.45137679E8,Bibra Lake,Australia,"#N/A","#N/A","#N/A","#N/A",6163,WA,13 Joshua Cl,"#N/A","#N/A",PK North is the leader in Healthcare in Bibra Lake,"#N/A","#N/A",Healthcare,false,"#N/A",Jazzy,"#N/A","#N/A",(08) 7593 7049,false,false,"#N/A",Never,false,true,"#N/A",Contract Based,Same,No,Bibra Lake,Australia,"#N/A","#N/A","#N/A",6163,WA,13 Joshua Cl,"#N/A","#N/A","#N/A",Prospect,"#N/A","#N/A","#N/A","#N/A","#N/A","#N/A",false,false,false,"#N/A",false,false
a1d22532-27d5-4c5d-9dd8-ffbddc328fbd,"#N/A",7.76395463E8,Tokyo,Japan,"#N/A","#N/A","#N/A","#N/A","#N/A","#N/A",1-7-1 Konan Minato-ku,"#N/A","#N/A",Wernham Hogg is the leader in Telecommunications,"#N/A","#N/A",Telecommunications,false,"#N/A",Browsedrive,"#N/A","#N/A","#N/A",false,false,"#N/A",Never,false,true,"#N/A",Contract Based,Same,No,"#N/A","#N/A","#N/A","#N/A","#N/A","#N/A","#N/A",4 Riverside Rd,"#N/A","#N/A","#N/A",Customer,"#N/A","#N/A","#N/A","#N/A","#N/A","#N/A",false,false,false,"#N/A",false,false
a22f6220-0a78-4bff-b0cb-9448f7a8db05,"#N/A",2.35005519E8,Cecil Hills,Australia,"#N/A","#N/A","#N/A","#N/A",2171,NSW,19 Airlie Cr,"#N/A","#N/A",NC North is the leader in Healthcare in Cecil Hills,"#N/A","#N/A",Healthcare,false,"#N/A",Thoughtworks,"#N/A","#N/A",(02) 8210 6814,false,false,"#N/A",Never,false,true,"#N/A",Contract Based,Same,No,Cecil Hills,Australia,"#N/A","#N/A","#N/A",2171,NSW,19 Airlie Cr,"#N/A","#N/A","#N/A",Customer,"#N/A","#N/A","#N/A","#N/A","#N/A","#N/A",false,false,false,"#N/A",false,false
a2eaf7fe-de3e-441c-8116-819c034ea126,"#N/A","#N/A","#N/A","#N/A",billing@marriott.com.invalid.invalid,"#N/A","#N/A","#N/A","#N/A",MD,"#N/A",2170.0,"#N/A","#N/A","#N/A",5314.0,Hospitality,false,"#N/A",Marriott Hotels,170234,"#N/A","#N/A",false,false,"#N/A",Never,false,true,"#N/A",Contract Based,Same,No,"#N/A","#N/A","#N/A","#N/A","#N/A","#N/A","#N/A","#N/A","#N/A",82-8611386,"#N/A",Customer,"#N/A","#N/A","#N/A","#N/A","#N/A","#N/A",false,false,false,"#N/A",false,false
a3e87acf-b1f5-4cdd-a1c2-9ba65a993ce5,"#N/A",9.43474187E8,Woollahra,Australia,"#N/A","#N/A","#N/A","#N/A",2025,NSW,6 Rush St,"#N/A","#N/A",Rouster and Sideways is the leader in Insurance in Woollahra,"#N/A","#N/A",Insurance,false,"#N/A",Browsecat,"#N/A","#N/A",(02) 8325 6428,false,false,"#N/A",Never,false,true,"#N/A",Contract Based,Same,No,Woollahra,Australia,"#N/A","#N/A","#N/A",2025,NSW,6 Rush St,"#N/A","#N/A","#N/A",Customer,"#N/A","#N/A","#N/A","#N/A","#N/A","#N/A",false,false,false,"#N/A",false,false
a5566fd1-1242-4470-b5c2-fc5c64a3a863,"#N/A",3.2618759E10,Lakeland,United States,"#N/A","#N/A","#N/A","#N/A",33811-3311,FL,3300 Publix Corp Pkwy,"#N/A","#N/A","Mecurial, Inc. is the leader in Retail in Lakeland","#N/A","#N/A",Retail,false,"#N/A",Skyba,"#N/A","#N/A",1.863.688.1188,false,false,"#N/A",Never,false,true,"#N/A",Contract Based,Same,No,Lakeland,US,"#N/A","#N/A","#N/A",33802-0407,FL,P.O. BOX 407,"#N/A","#N/A","#N/A",Customer,"#N/A","#N/A","#N/A","#N/A","#N/A","#N/A",false,false,false,"#N/A",false,false
a55b7a9a-0127-487d-84a8-d914100a1284,"#N/A",3.7179E10,Milwaukee,United States,"#N/A","#N/A","#N/A","#N/A",53209-4408,WI,5757 N Green Bay Ave,"#N/A","#N/A",General Forge and Foundry is the leader in Machinery in Milwaukee,"#N/A","#N/A",Machinery,false,"#N/A",Voomm,"#N/A","#N/A",1.414.524.1200,false,false,"#N/A",Never,false,true,"#N/A",Contract Based,Same,No,Milwaukee,US,"#N/A","#N/A","#N/A",53201-0591,WI,P.O. BOX 591,"#N/A","#N/A","#N/A",Prospect,"#N/A","#N/A","#N/A","#N/A","#N/A","#N/A",false,false,false,"#N/A",false,false
a5aa7c75-f06d-4c5c-b618-b35262ec8121,"#N/A",5.6771552999E10,Boise,United States,"#N/A","#N/A","#N/A","#N/A",83706-3999,ID,250 E Parkcenter Blvd,"#N/A","#N/A",Spruik Communications is the leader in Communications in Boise,"#N/A","#N/A",Communications,false,"#N/A",Skyvu,"#N/A","#N/A",1.208.395.6200,false,false,"#N/A",Never,false,true,"#N/A",Contract Based,Same,No,"#N/A","#N/A","#N/A","#N/A","#N/A","#N/A","#N/A","#N/A","#N/A","#N/A","#N/A",Prospect,"#N/A","#N/A","#N/A","#N/A","#N/A","#N/A",false,false,false,"#N/A",false,false
a606e47b-3536-4bbf-bcf6-b53cecae9a8e,"#N/A",1.3162E11,New York,United States,"#N/A","#N/A","#N/A","#N/A",10036-6704,NY,1095 Ave of The Americas,"#N/A","#N/A",Colonial Movers is the leader in Services in New York,"#N/A","#N/A",Services,false,"#N/A",Kazu,"#N/A","#N/A",1.212.395.1000,false,false,"#N/A",Never,false,true,"#N/A",Contract Based,Same,No,"#N/A","#N/A","#N/A","#N/A","#N/A","#N/A","#N/A","#N/A","#N/A","#N/A","#N/A",Prospect,"#N/A","#N/A","#N/A","#N/A","#N/A","#N/A",false,false,false,"#N/A",false,false
a63edf52-6bad-4710-ac45-7b9611541238,"#N/A",4.2451628E8,Kensington,Australia,"#N/A","#N/A","#N/A","#N/A",1465,NSW,4/81 Doncaster Av,"#N/A","#N/A",Sample Company is the leader in Media in Kensington,"#N/A","#N/A",Media,false,"#N/A",Kanoodle,"#N/A","#N/A",(02) 7112 6523,false,false,"#N/A",Never,false,true,"#N/A",Contract Based,Same,No,Kensington,Australia,"#N/A","#N/A","#N/A",1465,NSW,4/81 Doncaster Av,"#N/A","#N/A","#N/A",Customer,"#N/A","#N/A","#N/A","#N/A","#N/A","#N/A",false,false,false,"#N/A",false,false
ab64517f-1f3b-47a7-a1fd-8ecea56da292,"#N/A",6.52105621E8,Bavaria,Germany,"#N/A","#N/A","#N/A","#N/A","#N/A",Essen,45131 Brüsseler Platz,"#N/A","#N/A",Tessier-Ashpool is the leader in Government in Bavaria,"#N/A","#N/A",Government,false,"#N/A",Eidel,"#N/A","#N/A","#N/A",false,false,"#N/A",Never,false,true,"#N/A",Contract Based,Same,No,"#N/A","#N/A","#N/A","#N/A","#N/A","#N/A","#N/A","#N/A","#N/A","#N/A","#N/A",Customer,"#N/A","#N/A","#N/A","#N/A","#N/A","#N/A",false,false,false,"#N/A",false,false
acf7b700-0197-4156-ae58-17f6b388d3de,"#N/A",7.3908E10,New York,United States,"#N/A","#N/A","#N/A","#N/A",10017-5592,NY,120 Park Ave FL 6,"#N/A","#N/A",Leza College of Engineering is the leader in Higher Education in New York,"#N/A","#N/A",Higher Education,false,"#N/A",Wikizz,"#N/A","#N/A",1.917.663.2000,false,false,"#N/A",Never,false,true,"#N/A",Contract Based,Same,No,"#N/A","#N/A","#N/A","#N/A","#N/A","#N/A","#N/A","#N/A","#N/A","#N/A","#N/A",Customer,"#N/A","#N/A","#N/A","#N/A","#N/A","#N/A",false,false,false,"#N/A",false,false
af5306f0-383e-4977-b4f7-fee0efaa1be6,"#N/A",2.38658603E8,Redcliffe,Australia,"#N/A","#N/A","#N/A","#N/A",4020,QLD,5/19-21 Shields St,"#N/A","#N/A",Matt Stecklein Hospital is the leader in Healthcare in Redcliffe,"#N/A","#N/A",Healthcare,false,"#N/A",Omba,"#N/A","#N/A",(07) 7859 6584,false,false,"#N/A",Never,false,true,"#N/A",Contract Based,Same,No,Redcliffe,Australia,"#N/A","#N/A","#N/A",4020,QLD,5/19-21 Shields St,"#N/A","#N/A","#N/A",Customer,"#N/A","#N/A","#N/A","#N/A","#N/A","#N/A",false,false,false,"#N/A",false,false
afedb7fd-1301-4da6-8d73-f6be3efccf52,"#N/A","#N/A",Toronto,Canada,accounting@globalmedia.com,"#N/A","#N/A","#N/A",L4B 1Y3,Ontario,150 Chestnut Street,2.0,"#N/A","GBM is the worldwide leader in technology news and information on the Web and the producer of the longest-running and farthest-reaching television shows about technology. GBM's network of sites combines breakthrough interactive technology with engaging content and design and is consistently ranked as the Internet's leading content network in terms of both audience size and revenue, serving millions of users each day. The company's television programming is broadcast by the USA Network and the Sci-Fi Channel to more than 70 million households and is syndicated to broadcast television stations in the nation's top 120 markets, including the top 10 markets.","#N/A",0.0,Corporate Office,false,"#N/A",Global Media,14668,"#N/A",(905) 555-1212,false,false,"#N/A","#N/A",false,false,"#N/A","#N/A","#N/A","#N/A",Toronto,Canada,"#N/A","#N/A","#N/A",L4B 1Y3,Ontario,150 Chestnut Street,"#N/A",12-3456789,"#N/A",Prospect,"#N/A","#N/A","#N/A","#N/A","#N/A","#N/A",false,false,false,"#N/A",false,false
b502b5f9-e616-4de4-92d3-c0715225ebae,"#N/A",4.1373E10,Springdale,United States,"#N/A","#N/A","#N/A","#N/A",72762-6901,AR,2200 W Don Tyson Pkwy,"#N/A","#N/A",Newslync is the leader in Media in Springdale,"#N/A","#N/A",Media,false,"#N/A",Meevee,"#N/A","#N/A",1.479.290.4000,false,false,"#N/A",Never,false,true,"#N/A",Contract Based,Same,No,Springdale,US,"#N/A","#N/A","#N/A",72765-2020,AR,P.O. BOX 2020,"#N/A","#N/A","#N/A",Customer,"#N/A","#N/A","#N/A","#N/A","#N/A","#N/A",false,false,false,"#N/A",false,false
b559cc0f-4c6c-473f-9ee4-7ad8790ef349,"#N/A","#N/A","#N/A","#N/A",accounting@saintmarys.edu,"#N/A","#N/A","#N/A","#N/A",IN,"#N/A",1.0,"#N/A","#N/A","#N/A",0.0,Education,false,"#N/A",Saint Mary's College,350,"#N/A","#N/A",false,false,"#N/A",Never,false,true,"#N/A",Contract Based,Same,No,"#N/A","#N/A","#N/A","#N/A","#N/A","#N/A","#N/A","#N/A","#N/A",12-3456789,"#N/A",Customer,"#N/A","#N/A","#N/A","#N/A","#N/A","#N/A",false,false,false,"#N/A",false,false
b668ff72-3239-4524-9755-1d088e5687ae,"#N/A",1.89167866E8,Zurich,Switzerland,"#N/A","#N/A","#N/A","#N/A","#N/A","#N/A",avenue Nestlé 55,"#N/A","#N/A",TSM North is the leader in Healthcare,"#N/A","#N/A",Healthcare,false,"#N/A",Topicware,"#N/A","#N/A","#N/A",false,false,"#N/A",Never,false,true,"#N/A",Contract Based,Same,No,"#N/A","#N/A","#N/A","#N/A","#N/A","#N/A","#N/A","#N/A","#N/A","#N/A","#N/A",Customer,"#N/A","#N/A","#N/A","#N/A","#N/A","#N/A",false,false,false,"#N/A",false,false
b87dad07-fad3-444d-8f0a-6fd1d89f91fb,"#N/A",9.3056E10,Charlotte,United States,"#N/A","#N/A","#N/A","#N/A",28202-4031,NC,100 N Tryon St Ste 220,"#N/A","#N/A",Velso International is the leader in Manufacturing in Charlotte,"#N/A","#N/A",Manufacturing,false,"#N/A",Dynazzy,"#N/A","#N/A",1.704.386.5681,false,false,"#N/A",Never,false,true,"#N/A",Contract Based,Same,No,"#N/A","#N/A","#N/A","#N/A","#N/A","#N/A","#N/A","#N/A","#N/A","#N/A","#N/A",Customer,"#N/A","#N/A","#N/A","#N/A","#N/A","#N/A",false,false,false,"#N/A",false,false
bd8358df-49a9-49db-956f-2f1ba5ed461e,"#N/A",4.3025852E10,Irvine,United States,"#N/A","#N/A","#N/A","#N/A",92612-0697,CA,3351 Michelson Dr Ste 100,"#N/A","#N/A",Abilitech Software Solutions is the leader in Technology in Irvine,"#N/A","#N/A",Technology,false,"#N/A",Kwimbee,"#N/A","#N/A",1.714.566.1000,false,false,"#N/A",Never,false,true,"#N/A",Contract Based,Same,No,"#N/A","#N/A","#N/A","#N/A","#N/A","#N/A","#N/A",3351 Michelson Dr Ste 100,"#N/A","#N/A","#N/A",Customer,"#N/A","#N/A","#N/A","#N/A","#N/A","#N/A",false,false,false,"#N/A",false,false
bedbb742-81b5-422f-b1d8-e7c9efcbadea,"#N/A",4.0704E10,Atlanta,United States,"#N/A","#N/A","#N/A","#N/A",30354-1989,GA,1030 Delta Blvd,"#N/A","#N/A",Taggart Transcontinental is the leader in Shipping in Atlanta,"#N/A","#N/A",Shipping,false,"#N/A",Layo,"#N/A","#N/A",1.404.715.2600,false,false,"#N/A",Never,false,true,"#N/A",Contract Based,Same,No,Atlanta,US,"#N/A","#N/A","#N/A",30320-6001,GA,P.O. BOX 20706,"#N/A","#N/A","#N/A",Customer,"#N/A","#N/A","#N/A","#N/A","#N/A","#N/A",false,false,false,"#N/A",false,false
bf591d28-a62b-44bc-8082-c3ef0ece3886,"#N/A",6.524859542E9,Palo Alto,United States,"#N/A","#N/A","#N/A","#N/A",35265,CA,3500 Deer Creek Road,"#N/A","#N/A",123 Warehousing is the leader in Shipping in Palo Alto,"#N/A","#N/A",Shipping,false,"#N/A",Camimbo,"#N/A","#N/A",5552652358,false,false,"#N/A",Never,false,true,"#N/A",Contract Based,Same,No,"#N/A","#N/A","#N/A","#N/A","#N/A","#N/A","#N/A","#N/A","#N/A","#N/A","#N/A",Customer,"#N/A","#N/A","#N/A","#N/A","#N/A","#N/A",false,false,false,"#N/A",false,false
c0f70127-fadf-4373-b1f1-d579d21ec2d0,"#N/A",5.4289E10,Louisville,United States,"#N/A","#N/A","#N/A","#N/A",40202-4268,KY,500 W Main St Ste 300,"#N/A","#N/A",Ankh-Sto Associates is the leader in Apparel in Louisville,"#N/A","#N/A",Apparel,false,"#N/A",Topicblab,"#N/A","#N/A",1.502.580.1000,false,false,"#N/A",Never,false,true,"#N/A",Contract Based,Same,No,Louisville,US,"#N/A","#N/A","#N/A",40214-0601,KY,P.O. BOX 14601,"#N/A","#N/A","#N/A",Customer,"#N/A","#N/A","#N/A","#N/A","#N/A","#N/A",false,false,false,"#N/A",false,false
c41b226f-67f6-4c4f-bfcb-3c76d518d19a,"#N/A",8.8275E10,New York,United States,"#N/A","#N/A","#N/A","#N/A",10022-4699,NY,399 Park Ave,"#N/A","#N/A",Martic-Morales Corp. is the leader in Manufacturing in New York,"#N/A","#N/A",Manufacturing,false,"#N/A",Browseblab,"#N/A","#N/A",1.212.559.1000,false,false,"#N/A",Never,false,true,"#N/A",Contract Based,Same,No,"#N/A","#N/A","#N/A","#N/A","#N/A","#N/A","#N/A",100 North Riverside.,"#N/A","#N/A","#N/A",Customer,"#N/A","#N/A","#N/A","#N/A","#N/A","#N/A",false,false,false,"#N/A",false,false
c6917ff6-fa3a-4268-af25-9786647ad259,"#N/A",7.91565E10,Indianapolis,United States,"#N/A","#N/A","#N/A","#N/A",46204-4902,IN,120 Monument Cir Ste 200,"#N/A","#N/A",Kellerman Corp. is the leader in Consumer Goods in Indianapolis,"#N/A","#N/A",Consumer Goods,false,"#N/A",Rhynyx,"#N/A","#N/A",1.317.488.6000,false,false,"#N/A",Never,false,true,"#N/A",Contract Based,Same,No,"#N/A","#N/A","#N/A","#N/A","#N/A","#N/A","#N/A","#N/A","#N/A","#N/A","#N/A",Customer,"#N/A","#N/A","#N/A","#N/A","#N/A","#N/A",false,false,false,"#N/A",false,false
c8b9ab84-5da9-45c7-a59d-80cd3fa87f09,"#N/A",5.45047272E8,Mead,USA,"#N/A","#N/A","#N/A","#N/A",80547,CO,920 Sylvan Ave,"#N/A","#N/A",Three Waters is the leader in Communications,"#N/A","#N/A",Communications,false,"#N/A",Wikibox,"#N/A","#N/A","#N/A",false,false,"#N/A",Never,false,true,"#N/A",Contract Based,Same,No,"#N/A","#N/A","#N/A","#N/A","#N/A","#N/A","#N/A","#N/A","#N/A","#N/A","#N/A",Prospect,"#N/A","#N/A","#N/A","#N/A","#N/A","#N/A",false,false,false,"#N/A",false,false
c91c50b4-db69-485d-bd15-dffd96652dab,"#N/A",1.00949E11,Houston,United States,"#N/A","#N/A","#N/A","#N/A",77042-3706,TX,3010 Briarpark Dr,"#N/A","#N/A",Your Lesiure Microtels is the leader in Hospitality in Houston,"#N/A","#N/A",Hospitality,false,"#N/A",Brightdog,"#N/A","#N/A",1.281.293.6600,false,false,"#N/A",Never,false,true,"#N/A",Contract Based,Same,No,Houston,US,"#N/A","#N/A","#N/A",77210-4428,TX,P.O. BOX 4428,"#N/A","#N/A","#N/A",Customer,"#N/A","#N/A","#N/A","#N/A","#N/A","#N/A",false,false,false,"#N/A",false,false
caf51328-8769-4593-893b-04e2b34a246f,"#N/A",5.85033103E8,Hunters Hill,Australia,"#N/A","#N/A","#N/A","#N/A",2110,NSW,6/10 Mount St,"#N/A","#N/A",CG South is the leader in Healthcare in Hunters Hill,"#N/A","#N/A",Healthcare,false,"#N/A",Jabberstorm,"#N/A","#N/A",(02) 6279 8265,false,false,"#N/A",Never,false,true,"#N/A",Contract Based,Same,No,Hunters Hill,Australia,"#N/A","#N/A","#N/A",2110,NSW,6/10 Mount St,"#N/A","#N/A","#N/A",Customer,"#N/A","#N/A","#N/A","#N/A","#N/A","#N/A",false,false,false,"#N/A",false,false
cb99af38-cf2a-45e1-ac99-4530f0d87f7a,"#N/A",2.68882E11,Irving,United States,"#N/A","#N/A","#N/A","#N/A",75039-2298,TX,5959 Las Colinas Blvd,"#N/A","#N/A","Custom Metal, LLC is the leader in Automotive in Irving","#N/A","#N/A",Automotive,false,"#N/A",Realfire,"#N/A","#N/A",1.972.444.1000,false,false,"#N/A",Never,false,true,"#N/A",Contract Based,Same,No,"#N/A","#N/A","#N/A","#N/A","#N/A","#N/A","#N/A","#N/A","#N/A","#N/A","#N/A",Customer,"#N/A","#N/A","#N/A","#N/A","#N/A","#N/A",false,false,false,"#N/A",false,false
cbb55378-658e-4ee2-8e76-62f36dad0d26,"#N/A",8.8519E10,Atlanta,United States,"#N/A","#N/A","#N/A","#N/A",30339-1834,GA,2455 Paces Ferry Rd SE,"#N/A","#N/A","Cashless Systems, Inc. is the leader in Services in Atlanta","#N/A","#N/A",Services,false,"#N/A",Edgeclub,"#N/A","#N/A",1.770.433.8211,false,false,"#N/A",Never,false,true,"#N/A",Contract Based,Same,No,Atlanta,US,"#N/A","#N/A","#N/A",30348-5715,GA,P.O. BOX 105715,"#N/A","#N/A","#N/A",Customer,"#N/A","#N/A","#N/A","#N/A","#N/A","#N/A",false,false,false,"#N/A",false,false
cbeb6aaa-6091-4a46-8183-34c32e7a39cf,"#N/A",3.9528E10,Richfield,United States,"#N/A","#N/A","#N/A","#N/A",55423-3683,MN,7601 Penn Ave S,"#N/A","#N/A","Kustodial Services, LLC is the leader in Services in Richfield","#N/A","#N/A",Services,false,"#N/A",Avaveo,"#N/A","#N/A",1.612.291.1000,false,false,"#N/A",Never,false,true,"#N/A",Contract Based,Same,No,"#N/A","#N/A","#N/A","#N/A","#N/A","#N/A","#N/A","#N/A","#N/A","#N/A","#N/A",Customer,"#N/A","#N/A","#N/A","#N/A","#N/A","#N/A",false,false,false,"#N/A",false,false
cdabd1c4-7af7-4856-b85a-f914f125c256,"#N/A",6.30331409E8,Tokyo,Japan,"#N/A","#N/A","#N/A","#N/A","#N/A","#N/A",1 Toyota-Cho,"#N/A","#N/A",Widget Corp is the leader in Technology,"#N/A","#N/A",Technology,false,"#N/A",Tagopia,"#N/A","#N/A","#N/A",false,false,"#N/A",Never,false,true,"#N/A",Contract Based,Same,No,"#N/A","#N/A","#N/A","#N/A","#N/A","#N/A","#N/A",4 Riverside Rd,"#N/A","#N/A","#N/A",Customer,"#N/A","#N/A","#N/A","#N/A","#N/A","#N/A",false,false,false,"#N/A",false,false
cf03c3af-404a-4019-b160-236aae4fbfe5,"#N/A",3317099.0,Houston,United States,"#N/A","#N/A","#N/A","#N/A",77240,TX,6051 Northridge Park,"#N/A","#N/A","#N/A","#N/A","#N/A",Consulting,false,"#N/A",Gevee,"#N/A","#N/A","#N/A",false,false,"#N/A",Never,false,true,"#N/A",Contract Based,Same,No,"#N/A","#N/A","#N/A","#N/A","#N/A","#N/A","#N/A","#N/A","#N/A","#N/A","#N/A",Prospect,"#N/A","#N/A","#N/A","#N/A","#N/A","#N/A",false,false,false,"#N/A",false,false
d18d8a1f-ad3e-49e8-9d15-0f931e4a3180,"#N/A",6.26746894E8,Chatswood,Australia,"#N/A","#N/A","#N/A","#N/A",2057,NSW,6/14-16 Freeman Rd,"#N/A","#N/A",Omni Consimer Products is the leader in Government in Chatswood,"#N/A","#N/A",Government,false,"#N/A",Mynte,"#N/A","#N/A",(02) 6453 6240,false,false,"#N/A",Never,false,true,"#N/A",Contract Based,Same,No,Chatswood,Australia,"#N/A","#N/A","#N/A",2057,NSW,6/14-16 Freeman Rd,"#N/A","#N/A","#N/A",Customer,"#N/A","#N/A","#N/A","#N/A","#N/A","#N/A",false,false,false,"#N/A",false,false
d1e7fe16-afbf-4b21-881a-79c9518bfc60,"#N/A",4.93945873E8,Bacchus Marsh,Australia,"#N/A","#N/A","#N/A","#N/A",3340,VIC,57 Clifton Dr,"#N/A","#N/A",PK South is the leader in Healthcare in Bacchus Marsh,"#N/A","#N/A",Healthcare,false,"#N/A",Gigaclub,"#N/A","#N/A",(03) 6472 8807,false,false,"#N/A",Never,false,true,"#N/A",Contract Based,Same,No,Bacchus Marsh,Australia,"#N/A","#N/A","#N/A",3340,VIC,57 Clifton Dr,"#N/A","#N/A","#N/A",Customer,"#N/A","#N/A","#N/A","#N/A","#N/A","#N/A",false,false,false,"#N/A",false,false
d221d4bb-3efe-4d72-bf12-0751eb4a9296,"#N/A",2.3697E10,New York,United States,"#N/A","#N/A","#N/A","#N/A",10023-5860,NY,60 Columbus Cir FL 17,"#N/A","#N/A",Thrift Bank is the leader in Finance in New York,"#N/A","#N/A",Finance,false,"#N/A",Jaxworks,"#N/A","#N/A",1.212.364.8200,false,false,"#N/A",Never,false,true,"#N/A",Contract Based,Same,No,"#N/A","#N/A","#N/A","#N/A","#N/A","#N/A","#N/A",6/10 Mount St,"#N/A","#N/A","#N/A",Customer,"#N/A","#N/A","#N/A","#N/A","#N/A","#N/A",false,false,false,"#N/A",false,false
d57d8915-3e62-411b-b542-344391fd3c88,"#N/A",9.02787175E8,Melbourne,Australia,"#N/A","#N/A","#N/A","#N/A",3000,VIC,350 Collins Street,"#N/A","#N/A",Extensive Enterprise is the leader in Construction in Melbourne,"#N/A","#N/A",Construction,false,"#N/A",Zoovu,"#N/A","#N/A",(03) 8967 7597,false,false,"#N/A",Never,false,true,"#N/A",Contract Based,Same,No,Melbourne,Australia,"#N/A","#N/A","#N/A",3000,VIC,350 Collins Street,"#N/A","#N/A","#N/A",Customer,"#N/A","#N/A","#N/A","#N/A","#N/A","#N/A",false,false,false,"#N/A",false,false
d6bc626e-b2a3-40d7-8dd0-36c12ca4b874,"#N/A",2.7079E10,Cincinnati,United States,"#N/A","#N/A","#N/A","#N/A",45202-2424,OH,7 W 7th St,"#N/A","#N/A",Capitol Museum of Art is the leader in Non Profit in Cincinnati,"#N/A","#N/A",Non Profit,false,"#N/A",Quinu,"#N/A","#N/A",1.513.579.7000,false,false,"#N/A",Never,false,true,"#N/A",Contract Based,Same,No,"#N/A","#N/A","#N/A","#N/A","#N/A","#N/A","#N/A",701 W Georgia St,"#N/A","#N/A","#N/A",Customer,"#N/A","#N/A","#N/A","#N/A","#N/A","#N/A",false,false,false,"#N/A",false,false
d6c6df1b-d142-4bbc-a65f-f55e76531878,"#N/A",3.8581E10,Morris Plains,United States,"#N/A","#N/A","#N/A","#N/A",07950-2546,NJ,115 Tabor Rd,"#N/A","#N/A",Jupiter Consulting is the leader in Energy in Morris Plains,"#N/A","#N/A",Energy,false,"#N/A",Uidoo,"#N/A","#N/A",1.973.455.2000,false,false,"#N/A",Never,false,true,"#N/A",Contract Based,Same,No,"#N/A","#N/A","#N/A","#N/A","#N/A","#N/A","#N/A","#N/A","#N/A","#N/A","#N/A",Customer,"#N/A","#N/A","#N/A","#N/A","#N/A","#N/A",false,false,false,"#N/A",false,false
d743336f-4ead-4ddb-986c-8c3629e0e8a0,"#N/A",6.52105621E8,Ettalong Beach,Australia,"#N/A","#N/A","#N/A","#N/A",2257,NSW,356 Ocean View Rd,"#N/A","#N/A",Mainway Toys is the leader in Retail in Ettalong Beach,"#N/A","#N/A",Retail,false,"#N/A",Podcat,"#N/A","#N/A",(02) 7575 8703,false,false,"#N/A",Never,false,true,"#N/A",Contract Based,Same,No,Ettalong Beach,Australia,"#N/A","#N/A","#N/A",2257,NSW,356 Ocean View Rd,"#N/A","#N/A","#N/A",Prospect,"#N/A","#N/A","#N/A","#N/A","#N/A","#N/A",false,false,false,"#N/A",false,false
d8278d26-4a4a-4dc6-8a34-9d99b5469581,"#N/A",2.89485471E8,Ballarat Central,Australia,"#N/A","#N/A","#N/A","#N/A",3350,VIC,50 Loch Av,"#N/A","#N/A",Incom Corporation is the leader in Manufacturing in Ballarat Central,"#N/A","#N/A",Manufacturing,false,"#N/A",Realbridge,"#N/A","#N/A",(03) 8300 7460,false,false,"#N/A",Never,false,true,"#N/A",Contract Based,Same,No,Ballarat Central,Australia,"#N/A","#N/A","#N/A",3350,VIC,50 Loch Av,"#N/A","#N/A","#N/A",Prospect,"#N/A","#N/A","#N/A","#N/A","#N/A","#N/A",false,false,false,"#N/A",false,false
d85202b5-5ab4-4d1d-9118-2a29fcded4c5,"#N/A",8.0231577E7,Bavaria,Germany,"#N/A","#N/A","#N/A","#N/A",80333,Munich,Wittelsbacherplatz 2,"#N/A","#N/A",Virtucon is the leader in Banking in Bavaria,"#N/A","#N/A",Banking,false,"#N/A",Aivee,"#N/A","#N/A","#N/A",false,false,"#N/A",Never,false,true,"#N/A",Contract Based,Same,No,"#N/A","#N/A","#N/A","#N/A","#N/A","#N/A","#N/A",6/10 Mount St,"#N/A","#N/A","#N/A",Customer,"#N/A","#N/A","#N/A","#N/A","#N/A","#N/A",false,false,false,"#N/A",false,false
d951558e-10e8-44a8-a8b3-af00f3eb500f,"#N/A","#N/A","#N/A","#N/A",ap@landmark.com,"#N/A","#N/A","#N/A","#N/A","#N/A","#N/A",46.0,"#N/A","#N/A","#N/A",0.0,Entertainment,false,"#N/A",Landmark Cinemas,850,"#N/A","#N/A",false,false,"#N/A",Never,false,true,"#N/A",Contract Based,Same,No,"#N/A","#N/A","#N/A","#N/A","#N/A","#N/A","#N/A","#N/A","#N/A",12-3456789,"#N/A",Prospect,"#N/A","#N/A","#N/A","#N/A","#N/A","#N/A",false,false,false,"#N/A",false,false
db97d66d-1e0b-4e65-8b5e-b75f26a48f1d,"#N/A",6.8846673E7,Como,Australia,"#N/A","#N/A","#N/A","#N/A",2226,NSW,67 Como Pde,"#N/A","#N/A",Megadodo Publications is the leader in Consulting in Como,"#N/A","#N/A",Consulting,false,"#N/A",Jaxspan,"#N/A","#N/A",(02) 6849 6177,false,false,"#N/A",Never,false,true,"#N/A",Contract Based,Same,No,Como,Australia,"#N/A","#N/A","#N/A",2226,NSW,67 Como Pde,"#N/A","#N/A","#N/A",Prospect,"#N/A","#N/A","#N/A","#N/A","#N/A","#N/A",false,false,false,"#N/A",false,false
e470b34f-02f6-4acd-9fdd-116680c39b2b,"#N/A",8.0231577E7,Caringbah,Australia,"#N/A","#N/A","#N/A","#N/A",1495,NSW,10/33-37 Gannons Rd,"#N/A","#N/A",Nick Ciapetta Hospital is the leader in Healthcare in Caringbah,"#N/A","#N/A",Healthcare,false,"#N/A",Twimm,"#N/A","#N/A",(02) 6905 6165,false,false,"#N/A",Never,false,true,"#N/A",Contract Based,Same,No,Caringbah,Australia,"#N/A","#N/A","#N/A",1495,NSW,10/33-37 Gannons Rd,"#N/A","#N/A","#N/A",Prospect,"#N/A","#N/A","#N/A","#N/A","#N/A","#N/A",false,false,false,"#N/A",false,false
e70d0e8a-ac9c-4d74-96e4-9c7e8a985d5f,"#N/A","#N/A","#N/A","#N/A",ap@shakeshak.com,"#N/A","#N/A","#N/A","#N/A","#N/A","#N/A",168.0,"#N/A","#N/A","#N/A",0.0,Restaurant,false,"#N/A",Shake Shack,"#N/A","#N/A","#N/A",false,false,"#N/A",Never,false,true,"#N/A",Contract Based,Same,No,"#N/A","#N/A","#N/A","#N/A","#N/A","#N/A","#N/A","#N/A","#N/A",12-3456789,"#N/A",Customer,"#N/A","#N/A","#N/A","#N/A","#N/A","#N/A",false,false,false,"#N/A",false,false
e7f1ac55-792d-4024-9b0f-66e250f52604,"#N/A",1.46801E11,Dallas,United States,"#N/A","#N/A","#N/A","#N/A",75202-4295,TX,208 S Akard St,"#N/A","#N/A","Regal Machine, Inc. is the leader in Automotive in Dallas","#N/A","#N/A",Automotive,false,"#N/A",Eadel,"#N/A","#N/A",1.210.821.4105,false,false,"#N/A",Never,false,true,"#N/A",Contract Based,Same,No,"#N/A","#N/A","#N/A","#N/A","#N/A","#N/A","#N/A","#N/A","#N/A","#N/A","#N/A",Customer,"#N/A","#N/A","#N/A","#N/A","#N/A","#N/A",false,false,false,"#N/A",false,false
ebcd2db4-7c06-4fdd-9cc5-4cb4582bb147,"#N/A",1.89091733E8,Riverview,Australia,"#N/A","#N/A","#N/A","#N/A",2066,NSW,28a College Rd S,"#N/A","#N/A",QWERTY Logistics is the leader in Manufacturing in Riverview,"#N/A","#N/A",Manufacturing,false,"#N/A",Dynabox,"#N/A","#N/A",(02) 8954 8573,false,false,"#N/A",Never,false,true,"#N/A",Contract Based,Same,No,Riverview,Australia,"#N/A","#N/A","#N/A",2066,NSW,28a College Rd S,"#N/A","#N/A","#N/A",Prospect,"#N/A","#N/A","#N/A","#N/A","#N/A","#N/A",false,false,false,"#N/A",false,false
edb93323-3ab0-4115-9081-114bd6bfd23a,"#N/A",1.9687E10,Springfield,United States,"#N/A","#N/A","#N/A","#N/A",01111-0001,MA,1295 State St,"#N/A","#N/A",Sirius Cybernetics Corporation is the leader in Manufacturing in Springfield,"#N/A","#N/A",Manufacturing,false,"#N/A",Digitube,"#N/A","#N/A",1.413.788.8411,false,false,"#N/A",Never,false,true,"#N/A",Contract Based,Same,No,"#N/A","#N/A","#N/A","#N/A","#N/A","#N/A","#N/A","#N/A","#N/A","#N/A","#N/A",Prospect,"#N/A","#N/A","#N/A","#N/A","#N/A","#N/A",false,false,false,"#N/A",false,false
efde0613-0606-490f-a795-14d7f5dd98c5,"#N/A",1.01752E11,Saint Louis,United States,"#N/A","#N/A","#N/A","#N/A",63121-1824,MO,1 Express Way,"#N/A","#N/A",Rhapsodic AG is the leader in Retail in Saint Louis,"#N/A","#N/A",Retail,false,"#N/A",Zoomcast,"#N/A","#N/A",1.314.996.0900,false,false,"#N/A",Never,false,true,"#N/A",Contract Based,Same,No,"#N/A","#N/A","#N/A","#N/A","#N/A","#N/A","#N/A","#N/A","#N/A","#N/A","#N/A",Prospect,"#N/A","#N/A","#N/A","#N/A","#N/A","#N/A",false,false,false,"#N/A",false,false
f1ff082b-686f-44b4-a60c-115fc5acb3c3,"#N/A",1.90884E11,San Francisco,United States,"#N/A","#N/A","#N/A","#N/A",94104-5284,CA,1 Post St FL 18,"#N/A","#N/A",Save the Wild is the leader in Non Profit in San Francisco,"#N/A","#N/A",Non Profit,false,"#N/A",Shuffletag,"#N/A","#N/A",1.415.983.8300,false,false,"#N/A",Never,false,true,"#N/A",Contract Based,Same,No,"#N/A","#N/A","#N/A","#N/A","#N/A","#N/A","#N/A",3003 E 3rd Ave #201,"#N/A","#N/A","#N/A",Customer,"#N/A","#N/A","#N/A","#N/A","#N/A","#N/A",false,false,false,"#N/A",false,false
f397bda6-61c8-4b50-a661-180aec6e86ad,"#N/A",1.0983E11,Cincinnati,United States,"#N/A","#N/A","#N/A","#N/A",45202-1100,OH,1014 Vine St Ste 1000,"#N/A","#N/A",Hagan University is the leader in Higher Education in Cincinnati,"#N/A","#N/A",Higher Education,false,"#N/A",Fiveclub,"#N/A","#N/A",1.513.762.4000,false,false,"#N/A",Never,false,true,"#N/A",Contract Based,Same,No,"#N/A","#N/A","#N/A","#N/A","#N/A","#N/A","#N/A","#N/A","#N/A","#N/A","#N/A",Customer,"#N/A","#N/A","#N/A","#N/A","#N/A","#N/A",false,false,false,"#N/A",false,false
f3f54a84-6f83-4a94-bce8-066375fb1e50,"#N/A",7.41215097E8,Osaka,Japan,"#N/A","#N/A","#N/A","#N/A","#N/A","#N/A","1006, Oaza Kadoma","#N/A","#N/A",TSM South is the leader in Healthcare,"#N/A","#N/A",Healthcare,false,"#N/A",Flipbug,"#N/A","#N/A","#N/A",false,false,"#N/A",Never,false,true,"#N/A",Contract Based,Same,No,"#N/A","#N/A","#N/A","#N/A","#N/A","#N/A","#N/A","#N/A","#N/A","#N/A","#N/A",Prospect,"#N/A","#N/A","#N/A","#N/A","#N/A","#N/A",false,false,false,"#N/A",false,false
f5d55947-3702-44f3-8eab-4c88dfdba642,"#N/A",2.70279E10,Houston,United States,"#N/A","#N/A","#N/A","#N/A",77002-5432,TX,1100 Louisiana St FL 10,"#N/A","#N/A",Sylvia Birungi Hospital is the leader in Healthcare in Houston,"#N/A","#N/A",Healthcare,false,"#N/A",Vipe,"#N/A","#N/A",1.713.381.6500,false,false,"#N/A",Never,false,true,"#N/A",Contract Based,Same,No,Houston,US,"#N/A","#N/A","#N/A",77210-4324,TX,P.O. BOX 4324,"#N/A","#N/A","#N/A",Prospect,"#N/A","#N/A","#N/A","#N/A","#N/A","#N/A",false,false,false,"#N/A",false,false
f6333c4a-527d-4c6b-b52e-32d8440d850f,"#N/A",7.20606185E8,Cranbourne East,Australia,"#N/A","#N/A","#N/A","#N/A",3977,VIC,7 Dartmoor Dr,"#N/A","#N/A",Milliways is the leader in Engineering in Cranbourne East,"#N/A","#N/A",Engineering,false,"#N/A",Tavu,"#N/A","#N/A",(03) 6820 8401,false,false,"#N/A",Never,false,true,"#N/A",Contract Based,Same,No,Cranbourne East,Australia,"#N/A","#N/A","#N/A",3977,VIC,7 Dartmoor Dr,"#N/A","#N/A","#N/A",Prospect,"#N/A","#N/A","#N/A","#N/A","#N/A","#N/A",false,false,false,"#N/A",false,false
f6af3d53-5e4e-4cea-9806-a21abc65af2b,"#N/A",9.0033E10,San Francisco,United States,"#N/A","#N/A","#N/A","#N/A",94104-1205,CA,420 Montgomery St Frnt,"#N/A","#N/A",Cryptocurrents is the leader in Financial Services in San Francisco,"#N/A","#N/A",Financial Services,false,"#N/A",Trunyx,"#N/A","#N/A",1.866.878.5865,false,false,"#N/A",Never,false,true,"#N/A",Contract Based,Same,No,"#N/A","#N/A","#N/A","#N/A","#N/A","#N/A","#N/A",420 Montgomery St Frnt,"#N/A","#N/A","#N/A",Prospect,"#N/A","#N/A","#N/A","#N/A","#N/A","#N/A",false,false,false,"#N/A",false,false
f75098c9-db79-4f45-99e2-50176baf6daf,"#N/A",9488745.0,Carson City,United States,"#N/A","#N/A","#N/A","#N/A",89714,NV,4 Weeping Birch Crossing,"#N/A","#N/A","#N/A","#N/A","#N/A",Consulting,false,"#N/A",Flashset,"#N/A","#N/A","#N/A",false,false,"#N/A",Never,false,true,"#N/A",Contract Based,Same,No,"#N/A","#N/A","#N/A","#N/A","#N/A","#N/A","#N/A","#N/A","#N/A","#N/A","#N/A",Prospect,"#N/A","#N/A","#N/A","#N/A","#N/A","#N/A",false,false,false,"#N/A",false,false
f8c32c41-3ce2-46f4-8952-52159bf5d6b9,"#N/A",6.30331409E8,Berlin,Germany,"#N/A","#N/A","#N/A","#N/A","#N/A",Berlin,Friedrich-Ebert-Allee 140,"#N/A","#N/A",Tara Shea Micko Hospital is the leader in Healthcare in Berlin,"#N/A","#N/A",Healthcare,false,"#N/A",Yozio,"#N/A","#N/A","#N/A",false,false,"#N/A",Never,false,true,"#N/A",Contract Based,Same,No,"#N/A","#N/A","#N/A","#N/A","#N/A","#N/A","#N/A","#N/A","#N/A","#N/A","#N/A",Customer,"#N/A","#N/A","#N/A","#N/A","#N/A","#N/A",false,false,false,"#N/A",false,false
fa1f59b6-baeb-46d0-9fb8-e94cfaa878d3,"#N/A",4.8778E10,Midland,United States,"#N/A","#N/A","#N/A","#N/A",48674-1500,MI,2030 Dow Ctr,"#N/A","#N/A",Computico Labs is the leader in Technology in Midland,"#N/A","#N/A",Technology,false,"#N/A",Kamba,"#N/A","#N/A",1.989.636.1000,false,false,"#N/A",Never,false,true,"#N/A",Contract Based,Same,No,"#N/A","#N/A","#N/A","#N/A","#N/A","#N/A","#N/A","#N/A","#N/A","#N/A","#N/A",Prospect,"#N/A","#N/A","#N/A","#N/A","#N/A","#N/A",false,false,false,"#N/A",false,false
fa522d04-105c-4ae1-8e04-b716a1e04e7e,"#N/A",7.451E10,Philadelphia,United States,"#N/A","#N/A","#N/A","#N/A",19103-2838,PA,1701 JFK Blvd,"#N/A","#N/A",Initech is the leader in Technology in Philadelphia,"#N/A","#N/A",Technology,false,"#N/A",Topicstorm,"#N/A","#N/A",1.215.286.1700,false,false,"#N/A",Never,false,true,"#N/A",Contract Based,Same,No,"#N/A","#N/A","#N/A","#N/A","#N/A","#N/A","#N/A","#N/A","#N/A","#N/A","#N/A",Customer,"#N/A","#N/A","#N/A","#N/A","#N/A","#N/A",false,false,false,"#N/A",false,false
fa66e686-a9d0-4294-a002-4e5eed6aaa7a,"#N/A","#N/A","#N/A","#N/A",ap@mcdonalds.com.invalid.invalid,"#N/A","#N/A","#N/A","#N/A","#N/A","#N/A",2636.0,"#N/A","#N/A","#N/A",36059.0,Restaurant,false,"#N/A",McDonalds,205000,"#N/A","#N/A",false,false,"#N/A",Never,false,true,"#N/A",Contract Based,Same,No,"#N/A","#N/A","#N/A","#N/A","#N/A","#N/A","#N/A","#N/A","#N/A",62-0234622,"#N/A",Prospect,"#N/A","#N/A","#N/A","#N/A","#N/A","#N/A",false,false,false,"#N/A",false,false
fac2c8f6-07bf-4cc2-a4df-6a0b9359521d,"#N/A",6.9951E10,New York,United States,"#N/A","#N/A","#N/A","#N/A",10166-0188,NY,200 Park Ave FL 1200,"#N/A","#N/A",Synaptic Networking Solutions is the leader in Communications in New York,"#N/A","#N/A",Communications,false,"#N/A",DabZ,"#N/A","#N/A",1.212.578.2211,false,false,"#N/A",Never,false,true,"#N/A",Contract Based,Same,No,"#N/A","#N/A","#N/A","#N/A","#N/A","#N/A","#N/A","#N/A","#N/A","#N/A","#N/A",Prospect,"#N/A","#N/A","#N/A","#N/A","#N/A","#N/A",false,false,false,"#N/A",false,false
fbe82b49-3600-48c7-8ea5-797304010915,"#N/A",7.9457611E7,Paris,France,"#N/A","#N/A","#N/A","#N/A","#N/A",Paris,75716,"#N/A","#N/A",Sto Plains Holdings is the leader in Agriculture in Paris,"#N/A","#N/A",Agriculture,false,"#N/A",Plambee,"#N/A","#N/A","#N/A",false,false,"#N/A",Never,false,true,"#N/A",Contract Based,Same,No,"#N/A","#N/A","#N/A","#N/A","#N/A","#N/A","#N/A","#N/A","#N/A","#N/A","#N/A",Customer,"#N/A","#N/A","#N/A","#N/A","#N/A","#N/A",false,false,false,"#N/A",false,false
fcb50842-1311-422f-9d5d-77db7ce3073e,"#N/A",5.1403189E8,Kogarah,Australia,"#N/A","#N/A","#N/A","#N/A",2217,NSW,2/2 Bowns Rd,"#N/A","#N/A",Burleigh and Stronginthearm is the leader in Communications in Kogarah,"#N/A","#N/A",Communications,false,"#N/A",Eamia,"#N/A","#N/A",(02) 8850 8728,false,false,"#N/A",Never,false,true,"#N/A",Contract Based,Same,No,Kogarah,Australia,"#N/A","#N/A","#N/A",2217,NSW,2/2 Bowns Rd,"#N/A","#N/A","#N/A",Customer,"#N/A","#N/A","#N/A","#N/A","#N/A","#N/A",false,false,false,"#N/A",false,false
fe97ab7b-e964-44a8-92df-10f00eda8636,"#N/A",6574015.0,Danbury,United States,"#N/A","#N/A","#N/A","#N/A",6816,CT,5898 Superior Street,"#N/A","#N/A","#N/A","#N/A","#N/A",Insurance,false,"#N/A",Thoughtblab,"#N/A","#N/A","#N/A",false,false,"#N/A",Never,false,true,"#N/A",Contract Based,Same,No,"#N/A","#N/A","#N/A","#N/A","#N/A","#N/A","#N/A","#N/A","#N/A","#N/A","#N/A",Prospect,"#N/A","#N/A","#N/A","#N/A","#N/A","#N/A",false,false,false,"#N/A",false,false
